[
  {
    "model": "auth.permission",
    "pk": 1,
    "fields": {
      "name": "Can add image",
      "content_type": 2,
      "codename": "add_image"
    }
  },
  {
    "model": "auth.permission",
    "pk": 2,
    "fields": {
      "name": "Can change image",
      "content_type": 2,
      "codename": "change_image"
    }
  },
  {
    "model": "auth.permission",
    "pk": 3,
    "fields": {
      "name": "Can delete image",
      "content_type": 2,
      "codename": "delete_image"
    }
  },
  {
    "model": "auth.permission",
    "pk": 4,
    "fields": {
      "name": "Can choose image",
      "content_type": 2,
      "codename": "choose_image"
    }
  },
  {
    "model": "auth.permission",
    "pk": 5,
    "fields": {
      "name": "Can add locale",
      "content_type": 4,
      "codename": "add_locale"
    }
  },
  {
    "model": "auth.permission",
    "pk": 6,
    "fields": {
      "name": "Can change locale",
      "content_type": 4,
      "codename": "change_locale"
    }
  },
  {
    "model": "auth.permission",
    "pk": 7,
    "fields": {
      "name": "Can delete locale",
      "content_type": 4,
      "codename": "delete_locale"
    }
  },
  {
    "model": "auth.permission",
    "pk": 8,
    "fields": {
      "name": "Can view locale",
      "content_type": 4,
      "codename": "view_locale"
    }
  },
  {
    "model": "auth.permission",
    "pk": 9,
    "fields": {
      "name": "Can add site",
      "content_type": 5,
      "codename": "add_site"
    }
  },
  {
    "model": "auth.permission",
    "pk": 10,
    "fields": {
      "name": "Can change site",
      "content_type": 5,
      "codename": "change_site"
    }
  },
  {
    "model": "auth.permission",
    "pk": 11,
    "fields": {
      "name": "Can delete site",
      "content_type": 5,
      "codename": "delete_site"
    }
  },
  {
    "model": "auth.permission",
    "pk": 12,
    "fields": {
      "name": "Can view site",
      "content_type": 5,
      "codename": "view_site"
    }
  },
  {
    "model": "auth.permission",
    "pk": 13,
    "fields": {
      "name": "Can add model log entry",
      "content_type": 6,
      "codename": "add_modellogentry"
    }
  },
  {
    "model": "auth.permission",
    "pk": 14,
    "fields": {
      "name": "Can change model log entry",
      "content_type": 6,
      "codename": "change_modellogentry"
    }
  },
  {
    "model": "auth.permission",
    "pk": 15,
    "fields": {
      "name": "Can delete model log entry",
      "content_type": 6,
      "codename": "delete_modellogentry"
    }
  },
  {
    "model": "auth.permission",
    "pk": 16,
    "fields": {
      "name": "Can view model log entry",
      "content_type": 6,
      "codename": "view_modellogentry"
    }
  },
  {
    "model": "auth.permission",
    "pk": 17,
    "fields": {
      "name": "Can add collection view restriction",
      "content_type": 7,
      "codename": "add_collectionviewrestriction"
    }
  },
  {
    "model": "auth.permission",
    "pk": 18,
    "fields": {
      "name": "Can change collection view restriction",
      "content_type": 7,
      "codename": "change_collectionviewrestriction"
    }
  },
  {
    "model": "auth.permission",
    "pk": 19,
    "fields": {
      "name": "Can delete collection view restriction",
      "content_type": 7,
      "codename": "delete_collectionviewrestriction"
    }
  },
  {
    "model": "auth.permission",
    "pk": 20,
    "fields": {
      "name": "Can view collection view restriction",
      "content_type": 7,
      "codename": "view_collectionviewrestriction"
    }
  },
  {
    "model": "auth.permission",
    "pk": 21,
    "fields": {
      "name": "Can add collection",
      "content_type": 8,
      "codename": "add_collection"
    }
  },
  {
    "model": "auth.permission",
    "pk": 22,
    "fields": {
      "name": "Can change collection",
      "content_type": 8,
      "codename": "change_collection"
    }
  },
  {
    "model": "auth.permission",
    "pk": 23,
    "fields": {
      "name": "Can delete collection",
      "content_type": 8,
      "codename": "delete_collection"
    }
  },
  {
    "model": "auth.permission",
    "pk": 24,
    "fields": {
      "name": "Can view collection",
      "content_type": 8,
      "codename": "view_collection"
    }
  },
  {
    "model": "auth.permission",
    "pk": 25,
    "fields": {
      "name": "Can add group collection permission",
      "content_type": 9,
      "codename": "add_groupcollectionpermission"
    }
  },
  {
    "model": "auth.permission",
    "pk": 26,
    "fields": {
      "name": "Can change group collection permission",
      "content_type": 9,
      "codename": "change_groupcollectionpermission"
    }
  },
  {
    "model": "auth.permission",
    "pk": 27,
    "fields": {
      "name": "Can delete group collection permission",
      "content_type": 9,
      "codename": "delete_groupcollectionpermission"
    }
  },
  {
    "model": "auth.permission",
    "pk": 28,
    "fields": {
      "name": "Can view group collection permission",
      "content_type": 9,
      "codename": "view_groupcollectionpermission"
    }
  },
  {
    "model": "auth.permission",
    "pk": 29,
    "fields": {
      "name": "Can add reference index",
      "content_type": 10,
      "codename": "add_referenceindex"
    }
  },
  {
    "model": "auth.permission",
    "pk": 30,
    "fields": {
      "name": "Can change reference index",
      "content_type": 10,
      "codename": "change_referenceindex"
    }
  },
  {
    "model": "auth.permission",
    "pk": 31,
    "fields": {
      "name": "Can delete reference index",
      "content_type": 10,
      "codename": "delete_referenceindex"
    }
  },
  {
    "model": "auth.permission",
    "pk": 32,
    "fields": {
      "name": "Can view reference index",
      "content_type": 10,
      "codename": "view_referenceindex"
    }
  },
  {
    "model": "auth.permission",
    "pk": 33,
    "fields": {
      "name": "Can add page",
      "content_type": 1,
      "codename": "add_page"
    }
  },
  {
    "model": "auth.permission",
    "pk": 34,
    "fields": {
      "name": "Can change page",
      "content_type": 1,
      "codename": "change_page"
    }
  },
  {
    "model": "auth.permission",
    "pk": 35,
    "fields": {
      "name": "Can delete page",
      "content_type": 1,
      "codename": "delete_page"
    }
  },
  {
    "model": "auth.permission",
    "pk": 36,
    "fields": {
      "name": "Can view page",
      "content_type": 1,
      "codename": "view_page"
    }
  },
  {
    "model": "auth.permission",
    "pk": 37,
    "fields": {
      "name": "Delete pages with children",
      "content_type": 1,
      "codename": "bulk_delete_page"
    }
  },
  {
    "model": "auth.permission",
    "pk": 38,
    "fields": {
      "name": "Lock/unlock pages you've locked",
      "content_type": 1,
      "codename": "lock_page"
    }
  },
  {
    "model": "auth.permission",
    "pk": 39,
    "fields": {
      "name": "Publish any page",
      "content_type": 1,
      "codename": "publish_page"
    }
  },
  {
    "model": "auth.permission",
    "pk": 40,
    "fields": {
      "name": "Unlock any page",
      "content_type": 1,
      "codename": "unlock_page"
    }
  },
  {
    "model": "auth.permission",
    "pk": 41,
    "fields": {
      "name": "Can add revision",
      "content_type": 11,
      "codename": "add_revision"
    }
  },
  {
    "model": "auth.permission",
    "pk": 42,
    "fields": {
      "name": "Can change revision",
      "content_type": 11,
      "codename": "change_revision"
    }
  },
  {
    "model": "auth.permission",
    "pk": 43,
    "fields": {
      "name": "Can delete revision",
      "content_type": 11,
      "codename": "delete_revision"
    }
  },
  {
    "model": "auth.permission",
    "pk": 44,
    "fields": {
      "name": "Can view revision",
      "content_type": 11,
      "codename": "view_revision"
    }
  },
  {
    "model": "auth.permission",
    "pk": 45,
    "fields": {
      "name": "Can add group page permission",
      "content_type": 12,
      "codename": "add_grouppagepermission"
    }
  },
  {
    "model": "auth.permission",
    "pk": 46,
    "fields": {
      "name": "Can change group page permission",
      "content_type": 12,
      "codename": "change_grouppagepermission"
    }
  },
  {
    "model": "auth.permission",
    "pk": 47,
    "fields": {
      "name": "Can delete group page permission",
      "content_type": 12,
      "codename": "delete_grouppagepermission"
    }
  },
  {
    "model": "auth.permission",
    "pk": 48,
    "fields": {
      "name": "Can view group page permission",
      "content_type": 12,
      "codename": "view_grouppagepermission"
    }
  },
  {
    "model": "auth.permission",
    "pk": 49,
    "fields": {
      "name": "Can add page view restriction",
      "content_type": 13,
      "codename": "add_pageviewrestriction"
    }
  },
  {
    "model": "auth.permission",
    "pk": 50,
    "fields": {
      "name": "Can change page view restriction",
      "content_type": 13,
      "codename": "change_pageviewrestriction"
    }
  },
  {
    "model": "auth.permission",
    "pk": 51,
    "fields": {
      "name": "Can delete page view restriction",
      "content_type": 13,
      "codename": "delete_pageviewrestriction"
    }
  },
  {
    "model": "auth.permission",
    "pk": 52,
    "fields": {
      "name": "Can view page view restriction",
      "content_type": 13,
      "codename": "view_pageviewrestriction"
    }
  },
  {
    "model": "auth.permission",
    "pk": 53,
    "fields": {
      "name": "Can add workflow page",
      "content_type": 14,
      "codename": "add_workflowpage"
    }
  },
  {
    "model": "auth.permission",
    "pk": 54,
    "fields": {
      "name": "Can change workflow page",
      "content_type": 14,
      "codename": "change_workflowpage"
    }
  },
  {
    "model": "auth.permission",
    "pk": 55,
    "fields": {
      "name": "Can delete workflow page",
      "content_type": 14,
      "codename": "delete_workflowpage"
    }
  },
  {
    "model": "auth.permission",
    "pk": 56,
    "fields": {
      "name": "Can view workflow page",
      "content_type": 14,
      "codename": "view_workflowpage"
    }
  },
  {
    "model": "auth.permission",
    "pk": 57,
    "fields": {
      "name": "Can add workflow content type",
      "content_type": 15,
      "codename": "add_workflowcontenttype"
    }
  },
  {
    "model": "auth.permission",
    "pk": 58,
    "fields": {
      "name": "Can change workflow content type",
      "content_type": 15,
      "codename": "change_workflowcontenttype"
    }
  },
  {
    "model": "auth.permission",
    "pk": 59,
    "fields": {
      "name": "Can delete workflow content type",
      "content_type": 15,
      "codename": "delete_workflowcontenttype"
    }
  },
  {
    "model": "auth.permission",
    "pk": 60,
    "fields": {
      "name": "Can view workflow content type",
      "content_type": 15,
      "codename": "view_workflowcontenttype"
    }
  },
  {
    "model": "auth.permission",
    "pk": 61,
    "fields": {
      "name": "Can add workflow task order",
      "content_type": 16,
      "codename": "add_workflowtask"
    }
  },
  {
    "model": "auth.permission",
    "pk": 62,
    "fields": {
      "name": "Can change workflow task order",
      "content_type": 16,
      "codename": "change_workflowtask"
    }
  },
  {
    "model": "auth.permission",
    "pk": 63,
    "fields": {
      "name": "Can delete workflow task order",
      "content_type": 16,
      "codename": "delete_workflowtask"
    }
  },
  {
    "model": "auth.permission",
    "pk": 64,
    "fields": {
      "name": "Can view workflow task order",
      "content_type": 16,
      "codename": "view_workflowtask"
    }
  },
  {
    "model": "auth.permission",
    "pk": 65,
    "fields": {
      "name": "Can add task",
      "content_type": 17,
      "codename": "add_task"
    }
  },
  {
    "model": "auth.permission",
    "pk": 66,
    "fields": {
      "name": "Can change task",
      "content_type": 17,
      "codename": "change_task"
    }
  },
  {
    "model": "auth.permission",
    "pk": 67,
    "fields": {
      "name": "Can delete task",
      "content_type": 17,
      "codename": "delete_task"
    }
  },
  {
    "model": "auth.permission",
    "pk": 68,
    "fields": {
      "name": "Can view task",
      "content_type": 17,
      "codename": "view_task"
    }
  },
  {
    "model": "auth.permission",
    "pk": 69,
    "fields": {
      "name": "Can add workflow",
      "content_type": 18,
      "codename": "add_workflow"
    }
  },
  {
    "model": "auth.permission",
    "pk": 70,
    "fields": {
      "name": "Can change workflow",
      "content_type": 18,
      "codename": "change_workflow"
    }
  },
  {
    "model": "auth.permission",
    "pk": 71,
    "fields": {
      "name": "Can delete workflow",
      "content_type": 18,
      "codename": "delete_workflow"
    }
  },
  {
    "model": "auth.permission",
    "pk": 72,
    "fields": {
      "name": "Can view workflow",
      "content_type": 18,
      "codename": "view_workflow"
    }
  },
  {
    "model": "auth.permission",
    "pk": 73,
    "fields": {
      "name": "Can add Group approval task",
      "content_type": 3,
      "codename": "add_groupapprovaltask"
    }
  },
  {
    "model": "auth.permission",
    "pk": 74,
    "fields": {
      "name": "Can change Group approval task",
      "content_type": 3,
      "codename": "change_groupapprovaltask"
    }
  },
  {
    "model": "auth.permission",
    "pk": 75,
    "fields": {
      "name": "Can delete Group approval task",
      "content_type": 3,
      "codename": "delete_groupapprovaltask"
    }
  },
  {
    "model": "auth.permission",
    "pk": 76,
    "fields": {
      "name": "Can view Group approval task",
      "content_type": 3,
      "codename": "view_groupapprovaltask"
    }
  },
  {
    "model": "auth.permission",
    "pk": 77,
    "fields": {
      "name": "Can add Workflow state",
      "content_type": 19,
      "codename": "add_workflowstate"
    }
  },
  {
    "model": "auth.permission",
    "pk": 78,
    "fields": {
      "name": "Can change Workflow state",
      "content_type": 19,
      "codename": "change_workflowstate"
    }
  },
  {
    "model": "auth.permission",
    "pk": 79,
    "fields": {
      "name": "Can delete Workflow state",
      "content_type": 19,
      "codename": "delete_workflowstate"
    }
  },
  {
    "model": "auth.permission",
    "pk": 80,
    "fields": {
      "name": "Can view Workflow state",
      "content_type": 19,
      "codename": "view_workflowstate"
    }
  },
  {
    "model": "auth.permission",
    "pk": 81,
    "fields": {
      "name": "Can add Task state",
      "content_type": 20,
      "codename": "add_taskstate"
    }
  },
  {
    "model": "auth.permission",
    "pk": 82,
    "fields": {
      "name": "Can change Task state",
      "content_type": 20,
      "codename": "change_taskstate"
    }
  },
  {
    "model": "auth.permission",
    "pk": 83,
    "fields": {
      "name": "Can delete Task state",
      "content_type": 20,
      "codename": "delete_taskstate"
    }
  },
  {
    "model": "auth.permission",
    "pk": 84,
    "fields": {
      "name": "Can view Task state",
      "content_type": 20,
      "codename": "view_taskstate"
    }
  },
  {
    "model": "auth.permission",
    "pk": 85,
    "fields": {
      "name": "Can add page log entry",
      "content_type": 21,
      "codename": "add_pagelogentry"
    }
  },
  {
    "model": "auth.permission",
    "pk": 86,
    "fields": {
      "name": "Can change page log entry",
      "content_type": 21,
      "codename": "change_pagelogentry"
    }
  },
  {
    "model": "auth.permission",
    "pk": 87,
    "fields": {
      "name": "Can delete page log entry",
      "content_type": 21,
      "codename": "delete_pagelogentry"
    }
  },
  {
    "model": "auth.permission",
    "pk": 88,
    "fields": {
      "name": "Can view page log entry",
      "content_type": 21,
      "codename": "view_pagelogentry"
    }
  },
  {
    "model": "auth.permission",
    "pk": 89,
    "fields": {
      "name": "Can add comment",
      "content_type": 22,
      "codename": "add_comment"
    }
  },
  {
    "model": "auth.permission",
    "pk": 90,
    "fields": {
      "name": "Can change comment",
      "content_type": 22,
      "codename": "change_comment"
    }
  },
  {
    "model": "auth.permission",
    "pk": 91,
    "fields": {
      "name": "Can delete comment",
      "content_type": 22,
      "codename": "delete_comment"
    }
  },
  {
    "model": "auth.permission",
    "pk": 92,
    "fields": {
      "name": "Can view comment",
      "content_type": 22,
      "codename": "view_comment"
    }
  },
  {
    "model": "auth.permission",
    "pk": 93,
    "fields": {
      "name": "Can add comment reply",
      "content_type": 23,
      "codename": "add_commentreply"
    }
  },
  {
    "model": "auth.permission",
    "pk": 94,
    "fields": {
      "name": "Can change comment reply",
      "content_type": 23,
      "codename": "change_commentreply"
    }
  },
  {
    "model": "auth.permission",
    "pk": 95,
    "fields": {
      "name": "Can delete comment reply",
      "content_type": 23,
      "codename": "delete_commentreply"
    }
  },
  {
    "model": "auth.permission",
    "pk": 96,
    "fields": {
      "name": "Can view comment reply",
      "content_type": 23,
      "codename": "view_commentreply"
    }
  },
  {
    "model": "auth.permission",
    "pk": 97,
    "fields": {
      "name": "Can add page subscription",
      "content_type": 24,
      "codename": "add_pagesubscription"
    }
  },
  {
    "model": "auth.permission",
    "pk": 98,
    "fields": {
      "name": "Can change page subscription",
      "content_type": 24,
      "codename": "change_pagesubscription"
    }
  },
  {
    "model": "auth.permission",
    "pk": 99,
    "fields": {
      "name": "Can delete page subscription",
      "content_type": 24,
      "codename": "delete_pagesubscription"
    }
  },
  {
    "model": "auth.permission",
    "pk": 100,
    "fields": {
      "name": "Can view page subscription",
      "content_type": 24,
      "codename": "view_pagesubscription"
    }
  },
  {
    "model": "auth.permission",
    "pk": 101,
    "fields": {
      "name": "Can access Wagtail admin",
      "content_type": 25,
      "codename": "access_admin"
    }
  },
  {
    "model": "auth.permission",
    "pk": 102,
    "fields": {
      "name": "Can add document",
      "content_type": 26,
      "codename": "add_document"
    }
  },
  {
    "model": "auth.permission",
    "pk": 103,
    "fields": {
      "name": "Can change document",
      "content_type": 26,
      "codename": "change_document"
    }
  },
  {
    "model": "auth.permission",
    "pk": 104,
    "fields": {
      "name": "Can delete document",
      "content_type": 26,
      "codename": "delete_document"
    }
  },
  {
    "model": "auth.permission",
    "pk": 105,
    "fields": {
      "name": "Can choose document",
      "content_type": 26,
      "codename": "choose_document"
    }
  },
  {
    "model": "auth.permission",
    "pk": 106,
    "fields": {
      "name": "Can add permission",
      "content_type": 27,
      "codename": "add_permission"
    }
  },
  {
    "model": "auth.permission",
    "pk": 107,
    "fields": {
      "name": "Can change permission",
      "content_type": 27,
      "codename": "change_permission"
    }
  },
  {
    "model": "auth.permission",
    "pk": 108,
    "fields": {
      "name": "Can delete permission",
      "content_type": 27,
      "codename": "delete_permission"
    }
  },
  {
    "model": "auth.permission",
    "pk": 109,
    "fields": {
      "name": "Can view permission",
      "content_type": 27,
      "codename": "view_permission"
    }
  },
  {
    "model": "auth.permission",
    "pk": 110,
    "fields": {
      "name": "Can add group",
      "content_type": 28,
      "codename": "add_group"
    }
  },
  {
    "model": "auth.permission",
    "pk": 111,
    "fields": {
      "name": "Can change group",
      "content_type": 28,
      "codename": "change_group"
    }
  },
  {
    "model": "auth.permission",
    "pk": 112,
    "fields": {
      "name": "Can delete group",
      "content_type": 28,
      "codename": "delete_group"
    }
  },
  {
    "model": "auth.permission",
    "pk": 113,
    "fields": {
      "name": "Can view group",
      "content_type": 28,
      "codename": "view_group"
    }
  },
  {
    "model": "auth.permission",
    "pk": 114,
    "fields": {
      "name": "Can add content type",
      "content_type": 29,
      "codename": "add_contenttype"
    }
  },
  {
    "model": "auth.permission",
    "pk": 115,
    "fields": {
      "name": "Can change content type",
      "content_type": 29,
      "codename": "change_contenttype"
    }
  },
  {
    "model": "auth.permission",
    "pk": 116,
    "fields": {
      "name": "Can delete content type",
      "content_type": 29,
      "codename": "delete_contenttype"
    }
  },
  {
    "model": "auth.permission",
    "pk": 117,
    "fields": {
      "name": "Can view content type",
      "content_type": 29,
      "codename": "view_contenttype"
    }
  },
  {
    "model": "auth.permission",
    "pk": 118,
    "fields": {
      "name": "Can add session",
      "content_type": 30,
      "codename": "add_session"
    }
  },
  {
    "model": "auth.permission",
    "pk": 119,
    "fields": {
      "name": "Can change session",
      "content_type": 30,
      "codename": "change_session"
    }
  },
  {
    "model": "auth.permission",
    "pk": 120,
    "fields": {
      "name": "Can delete session",
      "content_type": 30,
      "codename": "delete_session"
    }
  },
  {
    "model": "auth.permission",
    "pk": 121,
    "fields": {
      "name": "Can view session",
      "content_type": 30,
      "codename": "view_session"
    }
  },
  {
    "model": "auth.permission",
    "pk": 122,
    "fields": {
      "name": "Can add site",
      "content_type": 31,
      "codename": "add_site"
    }
  },
  {
    "model": "auth.permission",
    "pk": 123,
    "fields": {
      "name": "Can change site",
      "content_type": 31,
      "codename": "change_site"
    }
  },
  {
    "model": "auth.permission",
    "pk": 124,
    "fields": {
      "name": "Can delete site",
      "content_type": 31,
      "codename": "delete_site"
    }
  },
  {
    "model": "auth.permission",
    "pk": 125,
    "fields": {
      "name": "Can view site",
      "content_type": 31,
      "codename": "view_site"
    }
  },
  {
    "model": "auth.permission",
    "pk": 126,
    "fields": {
      "name": "Can add log entry",
      "content_type": 32,
      "codename": "add_logentry"
    }
  },
  {
    "model": "auth.permission",
    "pk": 127,
    "fields": {
      "name": "Can change log entry",
      "content_type": 32,
      "codename": "change_logentry"
    }
  },
  {
    "model": "auth.permission",
    "pk": 128,
    "fields": {
      "name": "Can delete log entry",
      "content_type": 32,
      "codename": "delete_logentry"
    }
  },
  {
    "model": "auth.permission",
    "pk": 129,
    "fields": {
      "name": "Can view log entry",
      "content_type": 32,
      "codename": "view_logentry"
    }
  },
  {
    "model": "auth.permission",
    "pk": 130,
    "fields": {
      "name": "Can add form submission",
      "content_type": 33,
      "codename": "add_formsubmission"
    }
  },
  {
    "model": "auth.permission",
    "pk": 131,
    "fields": {
      "name": "Can change form submission",
      "content_type": 33,
      "codename": "change_formsubmission"
    }
  },
  {
    "model": "auth.permission",
    "pk": 132,
    "fields": {
      "name": "Can delete form submission",
      "content_type": 33,
      "codename": "delete_formsubmission"
    }
  },
  {
    "model": "auth.permission",
    "pk": 133,
    "fields": {
      "name": "Can view form submission",
      "content_type": 33,
      "codename": "view_formsubmission"
    }
  },
  {
    "model": "auth.permission",
    "pk": 134,
    "fields": {
      "name": "Can add redirect",
      "content_type": 34,
      "codename": "add_redirect"
    }
  },
  {
    "model": "auth.permission",
    "pk": 135,
    "fields": {
      "name": "Can change redirect",
      "content_type": 34,
      "codename": "change_redirect"
    }
  },
  {
    "model": "auth.permission",
    "pk": 136,
    "fields": {
      "name": "Can delete redirect",
      "content_type": 34,
      "codename": "delete_redirect"
    }
  },
  {
    "model": "auth.permission",
    "pk": 137,
    "fields": {
      "name": "Can view redirect",
      "content_type": 34,
      "codename": "view_redirect"
    }
  },
  {
    "model": "auth.permission",
    "pk": 138,
    "fields": {
      "name": "Can add embed",
      "content_type": 35,
      "codename": "add_embed"
    }
  },
  {
    "model": "auth.permission",
    "pk": 139,
    "fields": {
      "name": "Can change embed",
      "content_type": 35,
      "codename": "change_embed"
    }
  },
  {
    "model": "auth.permission",
    "pk": 140,
    "fields": {
      "name": "Can delete embed",
      "content_type": 35,
      "codename": "delete_embed"
    }
  },
  {
    "model": "auth.permission",
    "pk": 141,
    "fields": {
      "name": "Can view embed",
      "content_type": 35,
      "codename": "view_embed"
    }
  },
  {
    "model": "auth.permission",
    "pk": 142,
    "fields": {
      "name": "Can add user profile",
      "content_type": 36,
      "codename": "add_userprofile"
    }
  },
  {
    "model": "auth.permission",
    "pk": 143,
    "fields": {
      "name": "Can change user profile",
      "content_type": 36,
      "codename": "change_userprofile"
    }
  },
  {
    "model": "auth.permission",
    "pk": 144,
    "fields": {
      "name": "Can delete user profile",
      "content_type": 36,
      "codename": "delete_userprofile"
    }
  },
  {
    "model": "auth.permission",
    "pk": 145,
    "fields": {
      "name": "Can view user profile",
      "content_type": 36,
      "codename": "view_userprofile"
    }
  },
  {
    "model": "auth.permission",
    "pk": 146,
    "fields": {
      "name": "Can view document",
      "content_type": 26,
      "codename": "view_document"
    }
  },
  {
    "model": "auth.permission",
    "pk": 147,
    "fields": {
      "name": "Can add uploaded document",
      "content_type": 42,
      "codename": "add_uploadeddocument"
    }
  },
  {
    "model": "auth.permission",
    "pk": 148,
    "fields": {
      "name": "Can change uploaded document",
      "content_type": 42,
      "codename": "change_uploadeddocument"
    }
  },
  {
    "model": "auth.permission",
    "pk": 149,
    "fields": {
      "name": "Can delete uploaded document",
      "content_type": 42,
      "codename": "delete_uploadeddocument"
    }
  },
  {
    "model": "auth.permission",
    "pk": 150,
    "fields": {
      "name": "Can view uploaded document",
      "content_type": 42,
      "codename": "view_uploadeddocument"
    }
  },
  {
    "model": "auth.permission",
    "pk": 151,
    "fields": {
      "name": "Can view image",
      "content_type": 2,
      "codename": "view_image"
    }
  },
  {
    "model": "auth.permission",
    "pk": 152,
    "fields": {
      "name": "Can add rendition",
      "content_type": 43,
      "codename": "add_rendition"
    }
  },
  {
    "model": "auth.permission",
    "pk": 153,
    "fields": {
      "name": "Can change rendition",
      "content_type": 43,
      "codename": "change_rendition"
    }
  },
  {
    "model": "auth.permission",
    "pk": 154,
    "fields": {
      "name": "Can delete rendition",
      "content_type": 43,
      "codename": "delete_rendition"
    }
  },
  {
    "model": "auth.permission",
    "pk": 155,
    "fields": {
      "name": "Can view rendition",
      "content_type": 43,
      "codename": "view_rendition"
    }
  },
  {
    "model": "auth.permission",
    "pk": 156,
    "fields": {
      "name": "Can add uploaded image",
      "content_type": 44,
      "codename": "add_uploadedimage"
    }
  },
  {
    "model": "auth.permission",
    "pk": 157,
    "fields": {
      "name": "Can change uploaded image",
      "content_type": 44,
      "codename": "change_uploadedimage"
    }
  },
  {
    "model": "auth.permission",
    "pk": 158,
    "fields": {
      "name": "Can delete uploaded image",
      "content_type": 44,
      "codename": "delete_uploadedimage"
    }
  },
  {
    "model": "auth.permission",
    "pk": 159,
    "fields": {
      "name": "Can view uploaded image",
      "content_type": 44,
      "codename": "view_uploadedimage"
    }
  },
  {
    "model": "auth.permission",
    "pk": 160,
    "fields": {
      "name": "Can add query",
      "content_type": 45,
      "codename": "add_query"
    }
  },
  {
    "model": "auth.permission",
    "pk": 161,
    "fields": {
      "name": "Can change query",
      "content_type": 45,
      "codename": "change_query"
    }
  },
  {
    "model": "auth.permission",
    "pk": 162,
    "fields": {
      "name": "Can delete query",
      "content_type": 45,
      "codename": "delete_query"
    }
  },
  {
    "model": "auth.permission",
    "pk": 163,
    "fields": {
      "name": "Can view query",
      "content_type": 45,
      "codename": "view_query"
    }
  },
  {
    "model": "auth.permission",
    "pk": 164,
    "fields": {
      "name": "Can add Query Daily Hits",
      "content_type": 46,
      "codename": "add_querydailyhits"
    }
  },
  {
    "model": "auth.permission",
    "pk": 165,
    "fields": {
      "name": "Can change Query Daily Hits",
      "content_type": 46,
      "codename": "change_querydailyhits"
    }
  },
  {
    "model": "auth.permission",
    "pk": 166,
    "fields": {
      "name": "Can delete Query Daily Hits",
      "content_type": 46,
      "codename": "delete_querydailyhits"
    }
  },
  {
    "model": "auth.permission",
    "pk": 167,
    "fields": {
      "name": "Can view Query Daily Hits",
      "content_type": 46,
      "codename": "view_querydailyhits"
    }
  },
  {
    "model": "auth.permission",
    "pk": 168,
    "fields": {
      "name": "Can add index entry",
      "content_type": 47,
      "codename": "add_indexentry"
    }
  },
  {
    "model": "auth.permission",
    "pk": 169,
    "fields": {
      "name": "Can change index entry",
      "content_type": 47,
      "codename": "change_indexentry"
    }
  },
  {
    "model": "auth.permission",
    "pk": 170,
    "fields": {
      "name": "Can delete index entry",
      "content_type": 47,
      "codename": "delete_indexentry"
    }
  },
  {
    "model": "auth.permission",
    "pk": 171,
    "fields": {
      "name": "Can view index entry",
      "content_type": 47,
      "codename": "view_indexentry"
    }
  },
  {
    "model": "auth.permission",
    "pk": 172,
    "fields": {
      "name": "Can add tag",
      "content_type": 48,
      "codename": "add_tag"
    }
  },
  {
    "model": "auth.permission",
    "pk": 173,
    "fields": {
      "name": "Can change tag",
      "content_type": 48,
      "codename": "change_tag"
    }
  },
  {
    "model": "auth.permission",
    "pk": 174,
    "fields": {
      "name": "Can delete tag",
      "content_type": 48,
      "codename": "delete_tag"
    }
  },
  {
    "model": "auth.permission",
    "pk": 175,
    "fields": {
      "name": "Can view tag",
      "content_type": 48,
      "codename": "view_tag"
    }
  },
  {
    "model": "auth.permission",
    "pk": 176,
    "fields": {
      "name": "Can add tagged item",
      "content_type": 49,
      "codename": "add_taggeditem"
    }
  },
  {
    "model": "auth.permission",
    "pk": 177,
    "fields": {
      "name": "Can change tagged item",
      "content_type": 49,
      "codename": "change_taggeditem"
    }
  },
  {
    "model": "auth.permission",
    "pk": 178,
    "fields": {
      "name": "Can delete tagged item",
      "content_type": 49,
      "codename": "delete_taggeditem"
    }
  },
  {
    "model": "auth.permission",
    "pk": 179,
    "fields": {
      "name": "Can view tagged item",
      "content_type": 49,
      "codename": "view_taggeditem"
    }
  },
  {
    "model": "auth.permission",
    "pk": 180,
    "fields": {
      "name": "Can add flat menu",
      "content_type": 50,
      "codename": "add_flatmenu"
    }
  },
  {
    "model": "auth.permission",
    "pk": 181,
    "fields": {
      "name": "Can change flat menu",
      "content_type": 50,
      "codename": "change_flatmenu"
    }
  },
  {
    "model": "auth.permission",
    "pk": 182,
    "fields": {
      "name": "Can delete flat menu",
      "content_type": 50,
      "codename": "delete_flatmenu"
    }
  },
  {
    "model": "auth.permission",
    "pk": 183,
    "fields": {
      "name": "Can view flat menu",
      "content_type": 50,
      "codename": "view_flatmenu"
    }
  },
  {
    "model": "auth.permission",
    "pk": 184,
    "fields": {
      "name": "Can add menu item",
      "content_type": 51,
      "codename": "add_flatmenuitem"
    }
  },
  {
    "model": "auth.permission",
    "pk": 185,
    "fields": {
      "name": "Can change menu item",
      "content_type": 51,
      "codename": "change_flatmenuitem"
    }
  },
  {
    "model": "auth.permission",
    "pk": 186,
    "fields": {
      "name": "Can delete menu item",
      "content_type": 51,
      "codename": "delete_flatmenuitem"
    }
  },
  {
    "model": "auth.permission",
    "pk": 187,
    "fields": {
      "name": "Can view menu item",
      "content_type": 51,
      "codename": "view_flatmenuitem"
    }
  },
  {
    "model": "auth.permission",
    "pk": 188,
    "fields": {
      "name": "Can add main menu",
      "content_type": 52,
      "codename": "add_mainmenu"
    }
  },
  {
    "model": "auth.permission",
    "pk": 189,
    "fields": {
      "name": "Can change main menu",
      "content_type": 52,
      "codename": "change_mainmenu"
    }
  },
  {
    "model": "auth.permission",
    "pk": 190,
    "fields": {
      "name": "Can delete main menu",
      "content_type": 52,
      "codename": "delete_mainmenu"
    }
  },
  {
    "model": "auth.permission",
    "pk": 191,
    "fields": {
      "name": "Can view main menu",
      "content_type": 52,
      "codename": "view_mainmenu"
    }
  },
  {
    "model": "auth.permission",
    "pk": 192,
    "fields": {
      "name": "Can add menu item",
      "content_type": 53,
      "codename": "add_mainmenuitem"
    }
  },
  {
    "model": "auth.permission",
    "pk": 193,
    "fields": {
      "name": "Can change menu item",
      "content_type": 53,
      "codename": "change_mainmenuitem"
    }
  },
  {
    "model": "auth.permission",
    "pk": 194,
    "fields": {
      "name": "Can delete menu item",
      "content_type": 53,
      "codename": "delete_mainmenuitem"
    }
  },
  {
    "model": "auth.permission",
    "pk": 195,
    "fields": {
      "name": "Can view menu item",
      "content_type": 53,
      "codename": "view_mainmenuitem"
    }
  },
  {
    "model": "auth.permission",
    "pk": 196,
    "fields": {
      "name": "Can add email address",
      "content_type": 54,
      "codename": "add_emailaddress"
    }
  },
  {
    "model": "auth.permission",
    "pk": 197,
    "fields": {
      "name": "Can change email address",
      "content_type": 54,
      "codename": "change_emailaddress"
    }
  },
  {
    "model": "auth.permission",
    "pk": 198,
    "fields": {
      "name": "Can delete email address",
      "content_type": 54,
      "codename": "delete_emailaddress"
    }
  },
  {
    "model": "auth.permission",
    "pk": 199,
    "fields": {
      "name": "Can view email address",
      "content_type": 54,
      "codename": "view_emailaddress"
    }
  },
  {
    "model": "auth.permission",
    "pk": 200,
    "fields": {
      "name": "Can add email confirmation",
      "content_type": 55,
      "codename": "add_emailconfirmation"
    }
  },
  {
    "model": "auth.permission",
    "pk": 201,
    "fields": {
      "name": "Can change email confirmation",
      "content_type": 55,
      "codename": "change_emailconfirmation"
    }
  },
  {
    "model": "auth.permission",
    "pk": 202,
    "fields": {
      "name": "Can delete email confirmation",
      "content_type": 55,
      "codename": "delete_emailconfirmation"
    }
  },
  {
    "model": "auth.permission",
    "pk": 203,
    "fields": {
      "name": "Can view email confirmation",
      "content_type": 55,
      "codename": "view_emailconfirmation"
    }
  },
  {
    "model": "auth.permission",
    "pk": 204,
    "fields": {
      "name": "Can add social account",
      "content_type": 56,
      "codename": "add_socialaccount"
    }
  },
  {
    "model": "auth.permission",
    "pk": 205,
    "fields": {
      "name": "Can change social account",
      "content_type": 56,
      "codename": "change_socialaccount"
    }
  },
  {
    "model": "auth.permission",
    "pk": 206,
    "fields": {
      "name": "Can delete social account",
      "content_type": 56,
      "codename": "delete_socialaccount"
    }
  },
  {
    "model": "auth.permission",
    "pk": 207,
    "fields": {
      "name": "Can view social account",
      "content_type": 56,
      "codename": "view_socialaccount"
    }
  },
  {
    "model": "auth.permission",
    "pk": 208,
    "fields": {
      "name": "Can add social application",
      "content_type": 57,
      "codename": "add_socialapp"
    }
  },
  {
    "model": "auth.permission",
    "pk": 209,
    "fields": {
      "name": "Can change social application",
      "content_type": 57,
      "codename": "change_socialapp"
    }
  },
  {
    "model": "auth.permission",
    "pk": 210,
    "fields": {
      "name": "Can delete social application",
      "content_type": 57,
      "codename": "delete_socialapp"
    }
  },
  {
    "model": "auth.permission",
    "pk": 211,
    "fields": {
      "name": "Can view social application",
      "content_type": 57,
      "codename": "view_socialapp"
    }
  },
  {
    "model": "auth.permission",
    "pk": 212,
    "fields": {
      "name": "Can add social application token",
      "content_type": 58,
      "codename": "add_socialtoken"
    }
  },
  {
    "model": "auth.permission",
    "pk": 213,
    "fields": {
      "name": "Can change social application token",
      "content_type": 58,
      "codename": "change_socialtoken"
    }
  },
  {
    "model": "auth.permission",
    "pk": 214,
    "fields": {
      "name": "Can delete social application token",
      "content_type": 58,
      "codename": "delete_socialtoken"
    }
  },
  {
    "model": "auth.permission",
    "pk": 215,
    "fields": {
      "name": "Can view social application token",
      "content_type": 58,
      "codename": "view_socialtoken"
    }
  },
  {
    "model": "auth.permission",
    "pk": 216,
    "fields": {
      "name": "Can add user",
      "content_type": 59,
      "codename": "add_user"
    }
  },
  {
    "model": "auth.permission",
    "pk": 217,
    "fields": {
      "name": "Can change user",
      "content_type": 59,
      "codename": "change_user"
    }
  },
  {
    "model": "auth.permission",
    "pk": 218,
    "fields": {
      "name": "Can delete user",
      "content_type": 59,
      "codename": "delete_user"
    }
  },
  {
    "model": "auth.permission",
    "pk": 219,
    "fields": {
      "name": "Can view user",
      "content_type": 59,
      "codename": "view_user"
    }
  },
  {
    "model": "auth.permission",
    "pk": 220,
    "fields": {
      "name": "Can add additional information",
      "content_type": 37,
      "codename": "add_additionalinformation"
    }
  },
  {
    "model": "auth.permission",
    "pk": 221,
    "fields": {
      "name": "Can change additional information",
      "content_type": 37,
      "codename": "change_additionalinformation"
    }
  },
  {
    "model": "auth.permission",
    "pk": 222,
    "fields": {
      "name": "Can delete additional information",
      "content_type": 37,
      "codename": "delete_additionalinformation"
    }
  },
  {
    "model": "auth.permission",
    "pk": 223,
    "fields": {
      "name": "Can view additional information",
      "content_type": 37,
      "codename": "view_additionalinformation"
    }
  },
  {
    "model": "auth.permission",
    "pk": 224,
    "fields": {
      "name": "Can add custom image",
      "content_type": 38,
      "codename": "add_customimage"
    }
  },
  {
    "model": "auth.permission",
    "pk": 225,
    "fields": {
      "name": "Can change custom image",
      "content_type": 38,
      "codename": "change_customimage"
    }
  },
  {
    "model": "auth.permission",
    "pk": 226,
    "fields": {
      "name": "Can delete custom image",
      "content_type": 38,
      "codename": "delete_customimage"
    }
  },
  {
    "model": "auth.permission",
    "pk": 227,
    "fields": {
      "name": "Can view custom image",
      "content_type": 38,
      "codename": "view_customimage"
    }
  },
  {
    "model": "auth.permission",
    "pk": 228,
    "fields": {
      "name": "Can add footer titles",
      "content_type": 40,
      "codename": "add_footertitles"
    }
  },
  {
    "model": "auth.permission",
    "pk": 229,
    "fields": {
      "name": "Can change footer titles",
      "content_type": 40,
      "codename": "change_footertitles"
    }
  },
  {
    "model": "auth.permission",
    "pk": 230,
    "fields": {
      "name": "Can delete footer titles",
      "content_type": 40,
      "codename": "delete_footertitles"
    }
  },
  {
    "model": "auth.permission",
    "pk": 231,
    "fields": {
      "name": "Can view footer titles",
      "content_type": 40,
      "codename": "view_footertitles"
    }
  },
  {
    "model": "auth.permission",
    "pk": 232,
    "fields": {
      "name": "Can add homepage",
      "content_type": 60,
      "codename": "add_homepage"
    }
  },
  {
    "model": "auth.permission",
    "pk": 233,
    "fields": {
      "name": "Can change homepage",
      "content_type": 60,
      "codename": "change_homepage"
    }
  },
  {
    "model": "auth.permission",
    "pk": 234,
    "fields": {
      "name": "Can delete homepage",
      "content_type": 60,
      "codename": "delete_homepage"
    }
  },
  {
    "model": "auth.permission",
    "pk": 235,
    "fields": {
      "name": "Can view homepage",
      "content_type": 60,
      "codename": "view_homepage"
    }
  },
  {
    "model": "auth.permission",
    "pk": 236,
    "fields": {
      "name": "Can add website pages",
      "content_type": 41,
      "codename": "add_websitepages"
    }
  },
  {
    "model": "auth.permission",
    "pk": 237,
    "fields": {
      "name": "Can change website pages",
      "content_type": 41,
      "codename": "change_websitepages"
    }
  },
  {
    "model": "auth.permission",
    "pk": 238,
    "fields": {
      "name": "Can delete website pages",
      "content_type": 41,
      "codename": "delete_websitepages"
    }
  },
  {
    "model": "auth.permission",
    "pk": 239,
    "fields": {
      "name": "Can view website pages",
      "content_type": 41,
      "codename": "view_websitepages"
    }
  },
  {
    "model": "auth.permission",
    "pk": 240,
    "fields": {
      "name": "Can add review home",
      "content_type": 61,
      "codename": "add_reviewhome"
    }
  },
  {
    "model": "auth.permission",
    "pk": 241,
    "fields": {
      "name": "Can change review home",
      "content_type": 61,
      "codename": "change_reviewhome"
    }
  },
  {
    "model": "auth.permission",
    "pk": 242,
    "fields": {
      "name": "Can delete review home",
      "content_type": 61,
      "codename": "delete_reviewhome"
    }
  },
  {
    "model": "auth.permission",
    "pk": 243,
    "fields": {
      "name": "Can view review home",
      "content_type": 61,
      "codename": "view_reviewhome"
    }
  },
  {
    "model": "auth.permission",
    "pk": 244,
    "fields": {
      "name": "Can add footer contact",
      "content_type": 39,
      "codename": "add_footercontact"
    }
  },
  {
    "model": "auth.permission",
    "pk": 245,
    "fields": {
      "name": "Can change footer contact",
      "content_type": 39,
      "codename": "change_footercontact"
    }
  },
  {
    "model": "auth.permission",
    "pk": 246,
    "fields": {
      "name": "Can delete footer contact",
      "content_type": 39,
      "codename": "delete_footercontact"
    }
  },
  {
    "model": "auth.permission",
    "pk": 247,
    "fields": {
      "name": "Can view footer contact",
      "content_type": 39,
      "codename": "view_footercontact"
    }
  },
  {
    "model": "auth.permission",
    "pk": 248,
    "fields": {
      "name": "Can add faqs",
      "content_type": 62,
      "codename": "add_faqs"
    }
  },
  {
    "model": "auth.permission",
    "pk": 249,
    "fields": {
      "name": "Can change faqs",
      "content_type": 62,
      "codename": "change_faqs"
    }
  },
  {
    "model": "auth.permission",
    "pk": 250,
    "fields": {
      "name": "Can delete faqs",
      "content_type": 62,
      "codename": "delete_faqs"
    }
  },
  {
    "model": "auth.permission",
    "pk": 251,
    "fields": {
      "name": "Can view faqs",
      "content_type": 62,
      "codename": "view_faqs"
    }
  },
  {
    "model": "auth.permission",
    "pk": 252,
    "fields": {
      "name": "Can add products",
      "content_type": 63,
      "codename": "add_products"
    }
  },
  {
    "model": "auth.permission",
    "pk": 253,
    "fields": {
      "name": "Can change products",
      "content_type": 63,
      "codename": "change_products"
    }
  },
  {
    "model": "auth.permission",
    "pk": 254,
    "fields": {
      "name": "Can delete products",
      "content_type": 63,
      "codename": "delete_products"
    }
  },
  {
    "model": "auth.permission",
    "pk": 255,
    "fields": {
      "name": "Can view products",
      "content_type": 63,
      "codename": "view_products"
    }
  },
  {
    "model": "auth.permission",
    "pk": 256,
    "fields": {
      "name": "Can add user product config",
      "content_type": 64,
      "codename": "add_userproductconfig"
    }
  },
  {
    "model": "auth.permission",
    "pk": 257,
    "fields": {
      "name": "Can change user product config",
      "content_type": 64,
      "codename": "change_userproductconfig"
    }
  },
  {
    "model": "auth.permission",
    "pk": 258,
    "fields": {
      "name": "Can delete user product config",
      "content_type": 64,
      "codename": "delete_userproductconfig"
    }
  },
  {
    "model": "auth.permission",
    "pk": 259,
    "fields": {
      "name": "Can view user product config",
      "content_type": 64,
      "codename": "view_userproductconfig"
    }
  },
  {
    "model": "auth.permission",
    "pk": 260,
    "fields": {
      "name": "Can add products page",
      "content_type": 65,
      "codename": "add_productspage"
    }
  },
  {
    "model": "auth.permission",
    "pk": 261,
    "fields": {
      "name": "Can change products page",
      "content_type": 65,
      "codename": "change_productspage"
    }
  },
  {
    "model": "auth.permission",
    "pk": 262,
    "fields": {
      "name": "Can delete products page",
      "content_type": 65,
      "codename": "delete_productspage"
    }
  },
  {
    "model": "auth.permission",
    "pk": 263,
    "fields": {
      "name": "Can view products page",
      "content_type": 65,
      "codename": "view_productspage"
    }
  },
  {
    "model": "auth.group",
    "pk": 1,
    "fields": {
      "name": "Moderators",
      "permissions": [
        101,
        102,
        103,
        105,
        104,
        1,
        2,
        3
      ]
    }
  },
  {
    "model": "auth.group",
    "pk": 2,
    "fields": {
      "name": "Editors",
      "permissions": [
        101,
        102,
        103,
        105,
        104,
        1,
        2,
        3
      ]
    }
  },
  {
    "model": "contenttypes.contenttype",
    "pk": 1,
    "fields": {
      "app_label": "wagtailcore",
      "model": "page"
    }
  },
  {
    "model": "contenttypes.contenttype",
    "pk": 2,
    "fields": {
      "app_label": "wagtailimages",
      "model": "image"
    }
  },
  {
    "model": "contenttypes.contenttype",
    "pk": 3,
    "fields": {
      "app_label": "wagtailcore",
      "model": "groupapprovaltask"
    }
  },
  {
    "model": "contenttypes.contenttype",
    "pk": 4,
    "fields": {
      "app_label": "wagtailcore",
      "model": "locale"
    }
  },
  {
    "model": "contenttypes.contenttype",
    "pk": 5,
    "fields": {
      "app_label": "wagtailcore",
      "model": "site"
    }
  },
  {
    "model": "contenttypes.contenttype",
    "pk": 6,
    "fields": {
      "app_label": "wagtailcore",
      "model": "modellogentry"
    }
  },
  {
    "model": "contenttypes.contenttype",
    "pk": 7,
    "fields": {
      "app_label": "wagtailcore",
      "model": "collectionviewrestriction"
    }
  },
  {
    "model": "contenttypes.contenttype",
    "pk": 8,
    "fields": {
      "app_label": "wagtailcore",
      "model": "collection"
    }
  },
  {
    "model": "contenttypes.contenttype",
    "pk": 9,
    "fields": {
      "app_label": "wagtailcore",
      "model": "groupcollectionpermission"
    }
  },
  {
    "model": "contenttypes.contenttype",
    "pk": 10,
    "fields": {
      "app_label": "wagtailcore",
      "model": "referenceindex"
    }
  },
  {
    "model": "contenttypes.contenttype",
    "pk": 11,
    "fields": {
      "app_label": "wagtailcore",
      "model": "revision"
    }
  },
  {
    "model": "contenttypes.contenttype",
    "pk": 12,
    "fields": {
      "app_label": "wagtailcore",
      "model": "grouppagepermission"
    }
  },
  {
    "model": "contenttypes.contenttype",
    "pk": 13,
    "fields": {
      "app_label": "wagtailcore",
      "model": "pageviewrestriction"
    }
  },
  {
    "model": "contenttypes.contenttype",
    "pk": 14,
    "fields": {
      "app_label": "wagtailcore",
      "model": "workflowpage"
    }
  },
  {
    "model": "contenttypes.contenttype",
    "pk": 15,
    "fields": {
      "app_label": "wagtailcore",
      "model": "workflowcontenttype"
    }
  },
  {
    "model": "contenttypes.contenttype",
    "pk": 16,
    "fields": {
      "app_label": "wagtailcore",
      "model": "workflowtask"
    }
  },
  {
    "model": "contenttypes.contenttype",
    "pk": 17,
    "fields": {
      "app_label": "wagtailcore",
      "model": "task"
    }
  },
  {
    "model": "contenttypes.contenttype",
    "pk": 18,
    "fields": {
      "app_label": "wagtailcore",
      "model": "workflow"
    }
  },
  {
    "model": "contenttypes.contenttype",
    "pk": 19,
    "fields": {
      "app_label": "wagtailcore",
      "model": "workflowstate"
    }
  },
  {
    "model": "contenttypes.contenttype",
    "pk": 20,
    "fields": {
      "app_label": "wagtailcore",
      "model": "taskstate"
    }
  },
  {
    "model": "contenttypes.contenttype",
    "pk": 21,
    "fields": {
      "app_label": "wagtailcore",
      "model": "pagelogentry"
    }
  },
  {
    "model": "contenttypes.contenttype",
    "pk": 22,
    "fields": {
      "app_label": "wagtailcore",
      "model": "comment"
    }
  },
  {
    "model": "contenttypes.contenttype",
    "pk": 23,
    "fields": {
      "app_label": "wagtailcore",
      "model": "commentreply"
    }
  },
  {
    "model": "contenttypes.contenttype",
    "pk": 24,
    "fields": {
      "app_label": "wagtailcore",
      "model": "pagesubscription"
    }
  },
  {
    "model": "contenttypes.contenttype",
    "pk": 25,
    "fields": {
      "app_label": "wagtailadmin",
      "model": "admin"
    }
  },
  {
    "model": "contenttypes.contenttype",
    "pk": 26,
    "fields": {
      "app_label": "wagtaildocs",
      "model": "document"
    }
  },
  {
    "model": "contenttypes.contenttype",
    "pk": 27,
    "fields": {
      "app_label": "auth",
      "model": "permission"
    }
  },
  {
    "model": "contenttypes.contenttype",
    "pk": 28,
    "fields": {
      "app_label": "auth",
      "model": "group"
    }
  },
  {
    "model": "contenttypes.contenttype",
    "pk": 29,
    "fields": {
      "app_label": "contenttypes",
      "model": "contenttype"
    }
  },
  {
    "model": "contenttypes.contenttype",
    "pk": 30,
    "fields": {
      "app_label": "sessions",
      "model": "session"
    }
  },
  {
    "model": "contenttypes.contenttype",
    "pk": 31,
    "fields": {
      "app_label": "sites",
      "model": "site"
    }
  },
  {
    "model": "contenttypes.contenttype",
    "pk": 32,
    "fields": {
      "app_label": "admin",
      "model": "logentry"
    }
  },
  {
    "model": "contenttypes.contenttype",
    "pk": 33,
    "fields": {
      "app_label": "wagtailforms",
      "model": "formsubmission"
    }
  },
  {
    "model": "contenttypes.contenttype",
    "pk": 34,
    "fields": {
      "app_label": "wagtailredirects",
      "model": "redirect"
    }
  },
  {
    "model": "contenttypes.contenttype",
    "pk": 35,
    "fields": {
      "app_label": "wagtailembeds",
      "model": "embed"
    }
  },
  {
    "model": "contenttypes.contenttype",
    "pk": 36,
    "fields": {
      "app_label": "wagtailusers",
      "model": "userprofile"
    }
  },
  {
    "model": "contenttypes.contenttype",
    "pk": 37,
    "fields": {
      "app_label": "landingpage",
      "model": "additionalinformation"
    }
  },
  {
    "model": "contenttypes.contenttype",
    "pk": 38,
    "fields": {
      "app_label": "landingpage",
      "model": "customimage"
    }
  },
  {
    "model": "contenttypes.contenttype",
    "pk": 39,
    "fields": {
      "app_label": "landingpage",
      "model": "footercontact"
    }
  },
  {
    "model": "contenttypes.contenttype",
    "pk": 40,
    "fields": {
      "app_label": "landingpage",
      "model": "footertitles"
    }
  },
  {
    "model": "contenttypes.contenttype",
    "pk": 41,
    "fields": {
      "app_label": "landingpage",
      "model": "websitepages"
    }
  },
  {
    "model": "contenttypes.contenttype",
    "pk": 42,
    "fields": {
      "app_label": "wagtaildocs",
      "model": "uploadeddocument"
    }
  },
  {
    "model": "contenttypes.contenttype",
    "pk": 43,
    "fields": {
      "app_label": "wagtailimages",
      "model": "rendition"
    }
  },
  {
    "model": "contenttypes.contenttype",
    "pk": 44,
    "fields": {
      "app_label": "wagtailimages",
      "model": "uploadedimage"
    }
  },
  {
    "model": "contenttypes.contenttype",
    "pk": 45,
    "fields": {
      "app_label": "wagtailsearch",
      "model": "query"
    }
  },
  {
    "model": "contenttypes.contenttype",
    "pk": 46,
    "fields": {
      "app_label": "wagtailsearch",
      "model": "querydailyhits"
    }
  },
  {
    "model": "contenttypes.contenttype",
    "pk": 47,
    "fields": {
      "app_label": "wagtailsearch",
      "model": "indexentry"
    }
  },
  {
    "model": "contenttypes.contenttype",
    "pk": 48,
    "fields": {
      "app_label": "taggit",
      "model": "tag"
    }
  },
  {
    "model": "contenttypes.contenttype",
    "pk": 49,
    "fields": {
      "app_label": "taggit",
      "model": "taggeditem"
    }
  },
  {
    "model": "contenttypes.contenttype",
    "pk": 50,
    "fields": {
      "app_label": "wagtailmenus",
      "model": "flatmenu"
    }
  },
  {
    "model": "contenttypes.contenttype",
    "pk": 51,
    "fields": {
      "app_label": "wagtailmenus",
      "model": "flatmenuitem"
    }
  },
  {
    "model": "contenttypes.contenttype",
    "pk": 52,
    "fields": {
      "app_label": "wagtailmenus",
      "model": "mainmenu"
    }
  },
  {
    "model": "contenttypes.contenttype",
    "pk": 53,
    "fields": {
      "app_label": "wagtailmenus",
      "model": "mainmenuitem"
    }
  },
  {
    "model": "contenttypes.contenttype",
    "pk": 54,
    "fields": {
      "app_label": "account",
      "model": "emailaddress"
    }
  },
  {
    "model": "contenttypes.contenttype",
    "pk": 55,
    "fields": {
      "app_label": "account",
      "model": "emailconfirmation"
    }
  },
  {
    "model": "contenttypes.contenttype",
    "pk": 56,
    "fields": {
      "app_label": "socialaccount",
      "model": "socialaccount"
    }
  },
  {
    "model": "contenttypes.contenttype",
    "pk": 57,
    "fields": {
      "app_label": "socialaccount",
      "model": "socialapp"
    }
  },
  {
    "model": "contenttypes.contenttype",
    "pk": 58,
    "fields": {
      "app_label": "socialaccount",
      "model": "socialtoken"
    }
  },
  {
    "model": "contenttypes.contenttype",
    "pk": 59,
    "fields": {
      "app_label": "users",
      "model": "user"
    }
  },
  {
    "model": "contenttypes.contenttype",
    "pk": 60,
    "fields": {
      "app_label": "landingpage",
      "model": "homepage"
    }
  },
  {
    "model": "contenttypes.contenttype",
    "pk": 61,
    "fields": {
      "app_label": "landingpage",
      "model": "reviewhome"
    }
  },
  {
    "model": "contenttypes.contenttype",
    "pk": 62,
    "fields": {
      "app_label": "landingpage",
      "model": "faqs"
    }
  },
  {
    "model": "contenttypes.contenttype",
    "pk": 63,
    "fields": {
      "app_label": "products",
      "model": "products"
    }
  },
  {
    "model": "contenttypes.contenttype",
    "pk": 64,
    "fields": {
      "app_label": "products",
      "model": "userproductconfig"
    }
  },
  {
    "model": "contenttypes.contenttype",
    "pk": 65,
    "fields": {
      "app_label": "products",
      "model": "productspage"
    }
  },
  {
    "model": "sessions.session",
    "pk": "0d8cw72aa0wqxvcq3r9dsx2gq9clsnk9",
    "fields": {
      "session_data": ".eJxVjMEOwiAQBf-FsyEtUAo9evcbCOwuFjVgoE00xn_XJj3o9c28eTHn12V2a6PqErKJ9ezwuwUPV8obwIvP58Kh5KWmwDeF77TxU0G6HXf3LzD7Nn_fkfRodRdE0L2U0IGJOmprSHsrRgkRhDA0kOyFQgigyChF5C1KiYjDFm3UWirZ0eOe6pNN3fsDmq4_sQ:1rGi7Y:UxwjaJALnkYQq95vCE9I1uVEoQy0U98HtxezMFQ5Nic",
      "expire_date": "2023-12-22T16:11:32.520Z"
    }
  },
  {
    "model": "sessions.session",
    "pk": "1b37hzwyya1dzs34qh2l1wg5rdupluf1",
    "fields": {
      "session_data": ".eJxVjMsOgjAQRf-la9K09EFl6d5vIDPtVKq1JEDdGP9dMcSE7Tnn3hcD76da1uFJc4qJwkAPSJn1pebc_G1daGY9Q9awAeo6_sCQwpfJI0PwdyqbCDco14n7qaxzQr4lfLcLv0yB8nlvDwcjLOO2jtZYLVFLhUJHIxA7Y5FOUsvOg3UGVAgaA2kAUlGSaFsS1slOtS449v4AlOpJgA:1rOgNO:6Or1ZPCzBMBr9t1QShay0VmSI5jXdebhW47qr0WyBZA",
      "expire_date": "2024-01-20T15:56:50.505Z"
    }
  },
  {
    "model": "sessions.session",
    "pk": "1fnhar787upohvaeptw9pv5wcriuupc7",
    "fields": {
      "session_data": ".eJxVjDsOwjAQBe_iGlne-BNDSc8ZrF3vBgdQLMVJhbg7spQC2jcz760S7ltJe5M1zawuCtTpdyPMT1k64Acu96pzXbZ1Jt0VfdCmb5XldT3cv4OCrfR6Cj44IAeWjJu8IRp9IDmDgzFjiB4tsyMWhyh2AjHDICZEGO0QOarPF-D1N78:1rOgNO:CBL_vIGLZYC3O6siJH4A9gthpMzJGVdpjOiSVBZICoY",
      "expire_date": "2024-01-20T15:56:50.526Z"
    }
  },
  {
    "model": "sessions.session",
    "pk": "1ptu98vod1tbw4f76vnsovcrubvu6afd",
    "fields": {
      "session_data": ".eJxVjjtuwzAQRO_COiDEryiV7nMGYrm7imgbZCBSQALDd7dsuEjaeTMPcxMR9r7GvfEWM4lZKPHxN0uAFy5PQGcoX1ViLX3LST4r8k2b_KzE19O7-0-wQluP9cJ-nPyQdPLKGBwwLH7xU2APkx4NLqh1YMdGaUuY0HKwlhkmMoaI3CEFxLqX_nJz6RmhM0XoYlbjYLSzxinp7BisC8eFxq3lWiL_fOftV8zD_QFMvU3k:1rGgGN:_LOmq0jtgzsm7GENH2WYLd1eOcUcouUvLeZZl_K1WIM",
      "expire_date": "2023-12-22T14:12:31.590Z"
    }
  },
  {
    "model": "sessions.session",
    "pk": "21021rr2a742ulpzv09pu7p68ivrgogx",
    "fields": {
      "session_data": ".eJxVjktOxDAQRO_iNbLiTzpxluw5g9Xu7hADslHsSDNC3J0MmsXMtl7VU_2oiEff4tFkj5nVoox6ecwS0qeUG-APLO9VUy19z0nfKvpOm36rLF-v9-6TYMO2netVYAowJJvAOEcDzSusEGYBDHZytJK1s4zijPVMibzM3otgYOeYeTylSFSP0v_dUnom7MIRu1rMNDg7emOdNmAgwPmgSWu5liiX77xf1TL8_gEBKE2l:1rGgCh:GksYmdfPRDtrE_ZNcyCy5Q9bxFqLis6vA-E2qC52P6Q",
      "expire_date": "2023-12-22T14:08:43.197Z"
    }
  },
  {
    "model": "sessions.session",
    "pk": "28l3l8qny0fyb8vrljltzh0yk28iwu6l",
    "fields": {
      "session_data": ".eJxVjsFuwyAQRP-Fc4WAxYvxsfd-A4JlXdNWUBksJar673WqHJLrvJmn-REhHmMLR-c9lCwWocXLY5YifXK9gfwR63uT1OrYS5K3irzTLt9a5q_Xe_dJsMW-neuV0XlUySTUAKRoXnFFPzNGbxzQSsbMPDFoYzMlsjxbyxx9Bsg5T6c0ErWjjn8311EoDs4hDrFop8DhhIDSa2-V0-eFzr2XVgNfvst-FQugUr9_N65OgA:1rIpGu:1n72UVPDXNRuNy0Tm7-Y4-n46CH8lVaNQ_Y4bIozMig",
      "expire_date": "2023-12-28T13:13:56.959Z"
    }
  },
  {
    "model": "sessions.session",
    "pk": "2lw15pj61eg1452jdoq129l5tsu7g4qg",
    "fields": {
      "session_data": ".eJxVjs1uwyAQhN-Fc4T4CwYfe-8zoGV3HdNWUBkstYry7nWqHJLrfDOf5ioS7GNNe-ctFRKz0OL0nGXAT653QB9QL01iq2MrWd4r8kG7fG_EX2-P7otghb4e64X9FL3KJnttLSoMi198DOwhmsnigsYEPrPVxhFmdBycY4ZI1hLR-ZACYtvr-HdzHQVhMCUYYtaTssbb6IJ0TkWtjwedey-tJv75LtuvmK1X6vYH63JOQw:1rGilA:wPbaIJ848R0gvm9qZX1vKrD4jz_k_1OM14vvUaE-OTY",
      "expire_date": "2023-12-22T17:52:28.526Z"
    }
  },
  {
    "model": "sessions.session",
    "pk": "5nw1eybtjlnye066s579241i1hdl08wb",
    "fields": {
      "session_data": ".eJxVjs1uwyAQhN-Fc4XMjzH2sfc-A1p21zVtBZXBUqIo7x478iG5zsz3aW4iwNaWsFVeQyIxCSU-XrMI-Mv5KOgH8neRWHJbU5THRJ5tlV-F-O_z3L4JFqjLTs_shtF1UUenjMEO_exmN3p2MOrB4Ixae-7ZKG0JI1r21jLDSMYQUb9LAbFsuT3dnFtCaEwBmpjU0BndW6-ctEbv4P6gcq2p5MCX_7RexdTdHwHnTao:1rGgNs:Nl4jVzdReSNwXxnA_iUg_8HLGkucl7VWlGk7yl2qB2Q",
      "expire_date": "2023-12-22T14:20:16.507Z"
    }
  },
  {
    "model": "sessions.session",
    "pk": "6196sikyaoy30qbiwrn0tfmmr1oabkos",
    "fields": {
      "session_data": ".eJxVjsFOBCEQRP-FsyFAsz3DHL37DaRpehzUgBmYRLPZf3fW7EGv9ape6qoiHWOLR5c9lqwWZdXT3ywRv0u9g_xG9bVpbnXsJel7RT9o1y8ty8fzo_tPsFHfzvUqOAU0ySW0AGx4XnHFMAtScBPwys7NchGwzmdO7GX2XoRCBsg5X04pMbejjl-31FGYhuRIQy12Mh4woPU6gPNwHujSe2k1ytdn2b_VAmjM7QehG04T:1rLMOV:cmikToNhalCo6kt9f0uouhOuc-J2DfnK4hbtylfHlh4",
      "expire_date": "2024-01-04T13:00:15.021Z"
    }
  },
  {
    "model": "sessions.session",
    "pk": "62gyn0yhliz4wejfl3qqbh73bntoansx",
    "fields": {
      "session_data": ".eJxVjMEOwiAQBf-FsyEtUAo9evcbCOwuFjVgoE00xn_XJj3o9c28eTHn12V2a6PqErKJ9ezwuwUPV8obwIvP58Kh5KWmwDeF77TxU0G6HXf3LzD7Nn_fkfRodRdE0L2U0IGJOmprSHsrRgkRhDA0kOyFQgigyChF5C1KiYjDFm3UWirZ0eOe6pNN3fsDmq4_sQ:1rGi7U:FRWcnV8BlOaOW8fqgl94u9dm6ZNB4dPSQggyAa1Pu7k",
      "expire_date": "2023-12-22T16:11:28.634Z"
    }
  },
  {
    "model": "sessions.session",
    "pk": "6dioqppqhk7imrbfvedfg6f4m2npe6oz",
    "fields": {
      "session_data": ".eJxVjsFuwyAQRP-Fc4UWAxvbx97zDWhZ1jVtBZHBUqso_16nyiG5zpt5mqsKtPc17E22kJOalVFvz1kk_pJyB-mTykfVXEvfctT3in7Qps81yff7o_siWKmtxzqyi2KiEbdAYj9ZRgDPTD45mjzgiEtkIQaOaO3Izk7DYNEz2bgMcEiJue6l_7ul9MzUJQXqajYn8CdED05PaAZ043GhSWu5liA_l7z9qhluf2zWTeU:1rRDmz:V6O-RiLkngOhRqhBxxz8ofnAOcy743JzROy7095E7FE",
      "expire_date": "2024-01-27T16:01:45.009Z"
    }
  },
  {
    "model": "sessions.session",
    "pk": "6rsxwh7mfaxs61i64ynopodcw82cri8n",
    "fields": {
      "session_data": ".eJxVjMEOwiAQBf-FsyEUKIUevfsNBHYXixowpU00xn_XJj3o9c28eTEf1mXya6PZZ2Qj69jhd4sBrlQ2gJdQzpVDLcucI98UvtPGTxXpdtzdv8AU2vR9JzKDMyLKaDqlQIBNJhlnyQQnBwUJpLTUk-qkRoigyWpNFBwqhYj9Fm3UWq7F0-Oe5ycblRHi_QFaMEBK:1rMF33:EhA_iITRXPWo5OnTTduQJCpb_wfHXaXTFpb2ZwM8EN0",
      "expire_date": "2024-01-06T23:21:45.999Z"
    }
  },
  {
    "model": "sessions.session",
    "pk": "76g9e5wk07klrjgy2a8l3a2tpol2x6ac",
    "fields": {
      "session_data": ".eJxVkM1qxDAMhN_F5zbI_84ee-8zGNlSNukWO8QO7VL67k3KXhbmpJn5GPQj4oqtfdWN4saNe7zxXVxEhvvVrq9kMo3SK0QFh6z2NgXjmSfwBNqLFxFx73PcG29xoaMpn28J843LadAHlmsdci19W9JwRoaH24b3Svz59sg-AWZs89menHVGJiN1AjNZSMlbl3iURvqMLljURCYRG0TWk2RQisEF6bUKFA4o5lz30v_ZXPqSsTNF7OIiPVgLwQEMxoxh1OqY0Li1pZbI3-uyHT-B3z8oN2Dk:1rQ8hE:nV7uY8BnLCB05bd9_gMLBlve7HR5XJGBMKAmRKlX9tM",
      "expire_date": "2024-01-24T16:23:20.538Z"
    }
  },
  {
    "model": "sessions.session",
    "pk": "7b3pe1iba9ncmhx3tbn6rfdq1y8eigxi",
    "fields": {
      "session_data": ".eJxVjMEOwiAQBf-FsyEtUAo9evcbCOwuFjVgoE00xn_XJj3o9c28eTHn12V2a6PqErKJ9ezwuwUPV8obwIvP58Kh5KWmwDeF77TxU0G6HXf3LzD7Nn_fkfRodRdE0L2U0IGJOmprSHsrRgkRhDA0kOyFQgigyChF5C1KiYjDFm3UWirZ0eOe6pNN3fsDmq4_sQ:1rGiPY:HWv6UfnIAuzSVOKxbIMUe4-Co0UMPJVGYZsEw8-mnwU",
      "expire_date": "2023-12-22T17:30:08.848Z"
    }
  },
  {
    "model": "sessions.session",
    "pk": "859ylbqytiyzessnvk9ogk4g1fym09nu",
    "fields": {
      "session_data": ".eJxVjsFuwyAQRP-Fc4SAxRh87D3fgGB3HdNWEBkstar673WqHNrrvJmn-RIxHWOLR-c9FhKL0OLyN8sJ37g-AL2memsSWx17yfJRkU_a5bURv788u_8EW-rbuV7ZzcGpbLLTAKjQr251wbNLwcyAKxrjeWLQxhJmtOytZU6BAIhoOqUJsR11_Lq5joJpMMU0xKJnBWayAbSEySgP54POvZdWI3_cy_4pFvX9AwFQTaQ:1rGgPj:Vl_U5OW0Zb8UYqxah8StNu87gDngod3cfv_Zue_vd8w",
      "expire_date": "2023-12-22T14:22:11.390Z"
    }
  },
  {
    "model": "sessions.session",
    "pk": "85qo30odliqn277cemqvlxpbtsqbtkh5",
    "fields": {
      "session_data": ".eJxVjDsOwjAQBe_iGlne-BNDSc8ZrF3vBgdQLMVJhbg7spQC2jcz760S7ltJe5M1zawuCtTpdyPMT1k64Acu96pzXbZ1Jt0VfdCmb5XldT3cv4OCrfR6Cj44IAeWjJu8IRp9IDmDgzFjiB4tsyMWhyh2AjHDICZEGO0QOarPF-D1N78:1rOgLl:oC9DE2KjFL4u0-c8DR97ptRhJLpKgL7LYiWKgcUlDak",
      "expire_date": "2024-01-20T15:55:09.713Z"
    }
  },
  {
    "model": "sessions.session",
    "pk": "97iq7224tvhtdwti2w2dfzuu507d1jl2",
    "fields": {
      "session_data": ".eJxVjklOxTAQRO_iNbI8xUOW7DmD1e7uEAOyUexIIMTdyUd_Adt6VU_1JTKcc8_n4CNXEqvQ4uFvVgBfud0AvUB77hJ7m0ct8laRdzrkUyd-e7x3_wl2GPu13tiH5FUxxWtrUWHc_OZTZA_JBIsbGhN5YauNIyzoODrHDImsJaLlkgJiP9v8dXObFWEyZZhi1UFZ49MStDRRuRCuB4PHqL1l_nivx6dY1fcPAq9NsQ:1rGkDr:kGaelsI-mBG8vYq3VNCejrOCRvzourw5nt2LXBi0I7Y",
      "expire_date": "2023-12-22T19:26:11.334Z"
    }
  },
  {
    "model": "sessions.session",
    "pk": "bbegc961moucijncg63xrtnt3gpre6te",
    "fields": {
      "session_data": ".eJxVjsFuwyAQRP-Fc4RsFoPxsfd8A1p21zFtBZHBUquq_16nyqG9zpt5mi8V8ehbPJrsMbNa1Kguf7OE9CblAfgVy61qqqXvOelHRT9p09fK8v7y7P4TbNi2c72K88ENySQ3AtBA8-pWF2ZxGIwHWsmYWSaB0VimRFZma0UwMAAzT6cUiepR-q9bSs-EXThiV8voB_AeAkzaQnATmPNCk9ZyLVE-7nn_VMvw_QNNuk3p:1rIrQl:q92apylPQVkb6Ro2VuxLZYzEY2O6WGdiySeqmXrKXGs",
      "expire_date": "2023-12-28T15:32:15.482Z"
    }
  },
  {
    "model": "sessions.session",
    "pk": "bla18bzibhlaxpd90etopnbymrkd9ogt",
    "fields": {
      "session_data": ".eJxVjsFuwyAQRP-Fc4UwYAw-5t5vQMvuuiaJoDJYahXl3-NEObTXeTNPcxMR9r7GvfEWM4lZDOLjb5YAL1yegM5QvqrEWvqWk3xW5Js2-VmJr6d3959ghbYe64XdFJxKOrnBGFToF7e44NlB0JPBBbX2PLIZtCVMaNlbywyBjCGi8ZACYt1Lf7m59IzQmSJ0MQ-TstPhHbV0yqtgjgeNW8u1RP75ztuvmNX9AQH5Tao:1rN0Iq:Ucau89FNR-oZX_rghNwTzyO9zZQTkbROfNyCbC1NBHI",
      "expire_date": "2024-01-09T01:49:12.650Z"
    }
  },
  {
    "model": "sessions.session",
    "pk": "bu7e2258hi5bgk1555tho3jab9at8csq",
    "fields": {
      "session_data": ".eJxVjsFuwyAQRP-Fc4UwYDA-5t5vQMvuuiaJoDJYahXl3-NEObTXeTNPcxMR9r7GvfEWM4lZDOLjb5YAL1yegM5QvqrEWvqWk3xW5Js2-VmJr6d3959ghbYe64WdD04lndxgDCqcFre4MLGDoL3BBbWeeGQzaEuY0PJkLTMEMoaIxkMKiHUv_eXm0jNCZ4rQxTx4ZfRog3VS-dE6fzxo3FquJfLPd95-xazuDwK3TbI:1rGgPy:oZmMu4DRRdth9_HiDZt10I5NaoatH-0HoRba3IVYIEU",
      "expire_date": "2023-12-22T14:22:26.112Z"
    }
  },
  {
    "model": "sessions.session",
    "pk": "fdaizfhbsx41sxvyzdaehnd8vilfo2ov",
    "fields": {
      "session_data": "eyJfc2Vzc2lvbl9leHBpcnkiOjYwfQ:1rFhAg:C9kUO0BN5VLrBcS8MUbJ7M61nH0ecjfRtWcfEn9FUqo",
      "expire_date": "2023-12-19T20:59:34.043Z"
    }
  },
  {
    "model": "sessions.session",
    "pk": "fwu2il4fjzr31j9jmf11oqwxklv8r251",
    "fields": {
      "session_data": ".eJxVjsFuwyAQRP-Fc4WAxRh87L3fgJZlXdNWUBksJar673WqHJLrvJmn-RERj7HFo_MeSxaL0OLlMUtIn1xvIH9gfW-SWh17SfJWkXfa5VvL_PV67z4JNuzbuV7ZzcGpZJLTAKTIr251wbPDYGaglYzxPDFoYzMlsuytZcaQAXLO0ylFonbU8e_mOgrh4BxxiEXPCsxkvVcyzKADnA86915ajXz5LvtVLOr3DwLITbI:1rGgOv:7XY92no3lZZesuFA42Ek1P80YjySdrLrex6B5aHtkRE",
      "expire_date": "2023-12-22T14:21:21.015Z"
    }
  },
  {
    "model": "sessions.session",
    "pk": "i6024w684nihidvl3kiqsd0rq1pa9p6g",
    "fields": {
      "session_data": ".eJxVjMsOwiAUBf-FdUOgPIpduvcbyAUuFkVI2uLG-O9a05h0OzPnvAh4X1tZ7RPnFBMGiw9ImYyl5dz9bVtwJiMxpCMW2jr9gE3hy_iROfB3LJsINyjXSn0t65wc3RK624VeasB83tvDwQTLtK2jVlpyJ7lwTEbFnBuUdnjikg8etFEgQpAuoARAETmyvkemDR9Eb4Ih7w94iElW:1rOfo5:reNV5IKL9RdQHKogDFPgnpnwvQOlXvPfYvsEuqn3pUc",
      "expire_date": "2024-01-20T15:20:21.752Z"
    }
  },
  {
    "model": "sessions.session",
    "pk": "jkazva457wezkvfj510r7q20ku00lr30",
    "fields": {
      "session_data": ".eJxVjs1uwyAQhN-Fc4X4MzY-5t5nQMvuuiaJoDJYahXl3eNEObTX-WY-zU1E2Psa98ZbzCRmocXH3ywBXrg8AZ2hfFWJtfQtJ_msyDdt8rMSX0_v7j_BCm091gv7MXiVTPLaWlQ4LX7xYWIPwYwWFzRm4oGtNo4woePJOWYIZC0RDYcUEOte-svNpWeEzhShi1mPyprBWa9kMFoPx4HGreVaIv985-1XzOr-ALa9TW0:1rGgGW:KAkwDClSKfa4fRz_JgIdw1vDkMH-i10S_lovVCHx0R4",
      "expire_date": "2023-12-22T14:12:40.951Z"
    }
  },
  {
    "model": "sessions.session",
    "pk": "ki65hiy720wfpnmo1gczd5c8sbhft5s5",
    "fields": {
      "session_data": ".eJxVjMsOgjAQRf-la9MM9BFg6d5vaGamg1RNaygkGuO_KwkL3d5z7nmpgOsyhbXKHFJUg2rU4Xcj5KvkDcQL5nPRXPIyJ9Kbonda9alEuR139y8wYZ2-b2JL0lAjdoTIrjfsARwzumixd-A7PxILMjB5Yzq2pm9b4x2jobGFLVql1lRykMc9zU81eLAdwPsD-rVArw:1rQptT:rHvsjnUXIHt3vHyYaW1XZMnNly25qoQ1c7XH9fO2jDk",
      "expire_date": "2024-01-26T14:30:51.898Z"
    }
  },
  {
    "model": "sessions.session",
    "pk": "mnhherzsntuhq8mycx2k58obz4fd5de2",
    "fields": {
      "session_data": ".eJxVjMEOwiAQBf-FsyEtUAo9evcbCOwuFjVgoE00xn_XJj3o9c28eTHn12V2a6PqErKJ9ezwuwUPV8obwIvP58Kh5KWmwDeF77TxU0G6HXf3LzD7Nn_fkfRodRdE0L2U0IGJOmprSHsrRgkRhDA0kOyFQgigyChF5C1KiYjDFm3UWirZ0eOe6pNN3fsDmq4_sQ:1r66wR:2VCqprVnYBQul6M3N_3_Usen0kYwUHexWNur9gNEhew",
      "expire_date": "2023-12-07T10:28:15.760Z"
    }
  },
  {
    "model": "sessions.session",
    "pk": "nfszd0xer1wgy80eo7b4btoesjeuylnr",
    "fields": {
      "session_data": ".eJxVjs1uwyAQhN-Fc4X4MzY-5t5nQMvuuiaJoDJYahXl3eNEObTX-WY-zU1E2Psa98ZbzCRmocXH3ywBXrg8AZ2hfFWJtfQtJ_msyDdt8rMSX0_v7j_BCm091gv7MXiVTPLaWlQ4LX7xYWIPwYwWFzRm4oGtNo4woePJOWYIZC0RDYcUEOte-svNpWeEzhShi1mPyhofhlFLq5wL-njQuLVcS-Sf77z9ilndHwIITao:1rGkDr:jFyXC6yn1Lk4X0r9YCuXLCk3nw4u2CJs2OBQhNrimyM",
      "expire_date": "2023-12-22T19:26:11.345Z"
    }
  },
  {
    "model": "sessions.session",
    "pk": "nrwafyzdvifg693ijglxbq3g7mts67kh",
    "fields": {
      "session_data": ".eJxVjktuxCAQRO_CeoT4GbCX2c8ZUNPdHpNEMDJYShTl7vFEs0i29aqe6kskOMaWjs57KiQWocXlb5YB37g-AL1CvTWJrY69ZPmoyCft8tqI31-e3X-CDfp2rlf2YfYqm-y1tagwrn71c2QPswkWVzQm8sRWG0eY0XF0jhlmspaIplMKiO2o49fNdRSEwZRgiEUHZc3k4uSlDkYFdz7o3HtpNfHHveyfYlHfPwH7Tao:1rGgOW:5kQ69colH4BBjoELgvOI8ZOD4ywY4V01dCyCmtSRtTM",
      "expire_date": "2023-12-22T14:20:56.211Z"
    }
  },
  {
    "model": "sessions.session",
    "pk": "owz2penaj526urexcrcs6pr1gjbc8cc3",
    "fields": {
      "session_data": ".eJxVjsFuwyAQRP-Fc4UwYAw-5t5vQMvuuiaJoDJYahXl3-NEObTXeTNPcxMR9r7GvfEWM4lZDOLjb5YAL1yegM5QvqrEWvqWk3xW5Js2-VmJr6d3959ghbYe64XdFJxKOrnBGFToF7e44NlB0JPBBbX2PLIZtCVMaNlbywyBjCGi8ZACYt1Lf7m59IzQmSJ0MQ-Tsjo444IcJ61M8MeFxq3lWiL_fOftV8zq_gBOBU3t:1rL3L7:GmjStxU6crt3w3mfKwPmjEmUIzeKAcyZVNpX10kkdKo",
      "expire_date": "2024-01-03T16:39:29.609Z"
    }
  },
  {
    "model": "sessions.session",
    "pk": "p89gcgu72z84j12iabl6ponstdli55yo",
    "fields": {
      "session_data": ".eJxVjs1uwyAQhN-Fc4QwS_jxsfc-A4LddUxbQWWw1CrKu9epckiu8818mquIaR9r3DtvsZCYxSROz1lO-Mn1Dugj1UuT2OrYSpb3inzQLt8b8dfbo_siWFNfj_XC1gWrss52AkCFfrGLDZ5tCtoBLqi15zPDpA1hRsPeGOYUCICIzoc0Iba9jn8311EwDaaYhpgnp8DZYACkV6CdOx507r20Gvnnu2y_Ygar1O0P7F9OSw:1rIqG9:l9vV4ue8aX4q5ORJhIGey2RCYN6px0D8cApJEy8wU8Q",
      "expire_date": "2023-12-28T14:17:13.851Z"
    }
  },
  {
    "model": "sessions.session",
    "pk": "pkfdhg7cqzjfuecmz372hmptqyhsai62",
    "fields": {
      "session_data": ".eJxVjktuxCAQRO_COkL8jMHL7HMG1HS3Y5IIIoOlGUW5ezzRLGa29aqe6kckOMaWjs57KiQWocXLY5YBP7neAH1AfW8SWx17yfJWkXfa5Vsj_nq9d58EG_TtXK_s5-hVNtlra1FhWP3qY2AP0cwWVzQm8MRWG0eY0XFwjhkiWUtE0ykFxHbU8e_mOgrCYEowxKJn5WJUQQfpo9N2Oh907r20mvjyXfarWNTvHwORTbc:1rNxzu:lmqSozkFHiRNCzvLofcC1lp5er6c_6f3Mf_i4wxX-7k",
      "expire_date": "2024-01-11T17:33:38.735Z"
    }
  },
  {
    "model": "sessions.session",
    "pk": "rxwaoq2yyg6avgld8hxgpxqmmnl0g52l",
    "fields": {
      "session_data": ".eJxVjDsOwjAQBe_iGlne-BNDSc8ZrF3vBgdQLMVJhbg7spQC2jcz760S7ltJe5M1zawuCtTpdyPMT1k64Acu96pzXbZ1Jt0VfdCmb5XldT3cv4OCrfR6Cj44IAeWjJu8IRp9IDmDgzFjiB4tsyMWhyh2AjHDICZEGO0QOarPF-D1N78:1rOgLl:oC9DE2KjFL4u0-c8DR97ptRhJLpKgL7LYiWKgcUlDak",
      "expire_date": "2024-01-20T15:55:09.715Z"
    }
  },
  {
    "model": "sessions.session",
    "pk": "snlyiyu4o2tm5fhd4gtm240vum2v3vvp",
    "fields": {
      "session_data": ".eJxVjs1uwyAQhN-Fc4X4MzY-5p5nQMvuuiaJIDJYahXl3etUObTX-WY-zUNE2Psa98ZbzCRmocXH3ywBXrm8AF2gfFaJtfQtJ_mqyDdt8lyJb6d3959ghbYe64X9GLxKJnltLSqcFr_4MLGHYEaLCxoz8cBWG0eY0PHkHDMEspaIhkMKiHUv_dfNpWeEzhShi1mPyrkwBuWk1j4Eezxo3FquJfLXPW_fYlbPHwNNTbY:1rLtlg:4Wjk2Y2i0LQPmmpcLB1eAjtn_-qi8mV7CCtuXBm3cMo",
      "expire_date": "2024-01-06T00:38:24.150Z"
    }
  },
  {
    "model": "sessions.session",
    "pk": "sxsyjhlktbet9smzlaivaqxcrs3qwzji",
    "fields": {
      "session_data": ".eJxVjMEOwiAQBf-FsyEtUAo9evcbCOwuFjVgoE00xn_XJj3o9c28eTHn12V2a6PqErKJ9ezwuwUPV8obwIvP58Kh5KWmwDeF77TxU0G6HXf3LzD7Nn_fkfRodRdE0L2U0IGJOmprSHsrRgkRhDA0kOyFQgigyChF5C1KiYjDFm3UWirZ0eOe6pNN3fsDmq4_sQ:1rGiW9:DJrfuRACd47FDXefrwSPnAuvfc4-KvyNsgYI9adAwqA",
      "expire_date": "2023-12-22T17:36:57.211Z"
    }
  },
  {
    "model": "sessions.session",
    "pk": "tifyp5uts5hdmzbchxrpp34httup2u73",
    "fields": {
      "session_data": ".eJxVjktOxDAQRO_i9cjyP3GW7OcMVru7MzEgexQ7EghxdzJoFrCtV_VUXyLBMbZ0dN5TIbEILS5_swz4xvUB6BXqrUlsdewly0dFPmmX10b8_vLs_hNs0LdzvXKYYlDZ5KCtRYXzGtYQZw4QzWRxRWNm9my1cYQZHc_OMUMka4nIn1JAbEcdv26uoyAMpgRDLHpS1ninvZJeu-ji-aBz76XVxB_3sn-KRX3_AAF3Tag:1rGgD8:5AFIVnUbB_v64XO8uXt8LynAScG284yKiJb4SH2DxgU",
      "expire_date": "2023-12-22T14:09:10.554Z"
    }
  },
  {
    "model": "sessions.session",
    "pk": "tr5exjx3a5yoypyue9g5kzvjnbsqvr7k",
    "fields": {
      "session_data": ".eJxVjMEOwiAQBf-FsyEtUAo9evcbCOwuFjVgoE00xn_XJj3o9c28eTHn12V2a6PqErKJ9ezwuwUPV8obwIvP58Kh5KWmwDeF77TxU0G6HXf3LzD7Nn_fkfRodRdE0L2U0IGJOmprSHsrRgkRhDA0kOyFQgigyChF5C1KiYjDFm3UWirZ0eOe6pNN3fsDmq4_sQ:1rGi7g:uinwwvYxcxoS6hZSkOSOTgDqqUHxTQk0qxBJk7Vrza0",
      "expire_date": "2023-12-22T16:11:40.737Z"
    }
  },
  {
    "model": "sessions.session",
    "pk": "u1f1qstvelglw9nf57wk31nqj1ay0iy9",
    "fields": {
      "session_data": ".eJxVjsFOxSAQRf-FtSGFoRS6dO83kGFmalEDptBEY_x3-8xb6Paee0_ul0p4jj2dXY5UWK3KqIe_WUZ6lXoD_IL1uWlqdRwl61tF32nXT43l7fHe_SfYse_XehO_RD9lm70BoInC5jcfg3iMdgHayNogs4CxjimTk-CcCEYGYOb5kiJRO-v4dUsdhXAIJxxqNcsEdnYQnLbWezDxutCl99Jqko_3cnyqdfr-AUxATd4:1rGgGu:0rhA5k7U0aY6aEWaoAQ2iLr43sme9n2LdnidIaw1xzA",
      "expire_date": "2023-12-22T14:13:04.270Z"
    }
  },
  {
    "model": "sessions.session",
    "pk": "un56aemgynldeyhvmqo6mssqtq6t7g9y",
    "fields": {
      "session_data": ".eJxVjsFuwyAQRP-Fc4SAJRh87L3fgGB3HdNWUBkstYry73WqHJLrvJmnuYqY9rHGvfMWC4lZaHF6znLCT653QB-pXprEVsdWsrxX5IN2-d6Iv94e3RfBmvp6rBd2U3Aqm-w0ACr0i1tc8OxSMBPggsZ4PjNoYwkzWvbWMqdAAER0PqQJse11_Lu5joJpMMU0xKwnBZMLFkB6AO3t8aBz76XVyD_fZfsVMzilbn_sak5L:1rIqG9:WA0fDArfKkxLGV-xNPKw7ujhznOsyAd6ShQF-86e8_s",
      "expire_date": "2023-12-28T14:17:13.874Z"
    }
  },
  {
    "model": "sessions.session",
    "pk": "upus08u4t68drm0fdjhr9l68oi8hl0h6",
    "fields": {
      "session_data": ".eJxVjs1uwyAQhN-Fc4XMjwH7mHufAS2765okgspgqVWUd48T5dBe55v5NDcRYe9r3BtvMZOYhRIff7MEeOHyBHSG8lUl1tK3nOSzIt-0yc9KfD29u_8EK7T1WC_s_OSGpJNTxuCAYXGLmwI7mLQ3uKDWgUc2SlvChJaDtcwwkTFENB5SQKx76S83l54ROlOELmblB6PH0fogrXfK6eNB49ZyLZF_vvP2K-bh_gACn02w:1rGgYY:eL-d49nYT_-nljfuVniP5ZObI_ZrA8Gv8IFiujAD3jk",
      "expire_date": "2023-12-22T14:31:18.549Z"
    }
  },
  {
    "model": "sessions.session",
    "pk": "uvnhd4ho5nkt3i2h1ennvc2oen5czu6d",
    "fields": {
      "session_data": ".eJxVjjtuwzAQRO_COiAk_qXSfc5ALHdXEW2DDEQKSGD47pYNF0k7b-ZhbiLC3te4N95iJjGLUXz8zRLghcsT0BnKV5VYS99yks-KfNMmPyvx9fTu_hOs0NZjvbDzkxuSSm7UGgcMi1vcFNjBpLzGBZUKbFmPyhAmNByMYYaJtCYie0gBse6lv9xcekboTBG6mEc_aGVNcF5a61Ww4bjQuLVcS-Sf77z9inm4PwBOFU3v:1rGgOh:YLcJFWcBo8nwgRvK87_6q81ijOfV-GnBQcxBcxxZQEg",
      "expire_date": "2023-12-22T14:21:07.597Z"
    }
  },
  {
    "model": "sessions.session",
    "pk": "vhnvymgtvyua9qrtu9iffwlbdpysdnua",
    "fields": {
      "session_data": ".eJxVjs1OBCEQhN-FsyFAs_zM0bvPQJqmx0ENmIFJNJt9d2fNHvRaX9WXuoqEx9zSMXhPtYhFaPH0N8tI79zuoLxhe-2Sept7zfJekQ865Esv_PH86P4TbDi2c72y89GpbLLTAKQorG51MbDDaDzQSsYEvjBoYwtlshysZcZYAEopl1OKRP1o89fNbVbCySXhFIv2Cry31gZpQDuw8bwweIzaW-Kvz7p_iwWcUrcfN0tOfg:1rIrZ2:MpFRM9q5FzwMrOL764KihPy9nZ01CwGIJhXDqoIboQ4",
      "expire_date": "2023-12-28T15:40:48.369Z"
    }
  },
  {
    "model": "sessions.session",
    "pk": "xo82t5owiomm61g4h57lsgpo7h99ntkz",
    "fields": {
      "session_data": ".eJxVjsFOxSAQRf-FtSGUoRS6dO83kGFmalEDptBEY_x3-8xb6Paee0_ul0p4jj2dXY5UWK1qUg9_s4z0KvUG-AXrc9PU6jhK1reKvtOunxrL2-O9-0-wY9-v9SZ-id5km_0EQIbC5jcfg3iMdgHayNogs8BkHVMmJ8E5EYwMwMzzJUWidtbx65Y6CuEQTjjUOi0GrIfogp7NYo2_HnTpvbSa5OO9HJ9qBW_M9w_rhk5E:1rGilA:SKJR-0_lJTSvjkNkRlTMOLDd8v_0XLVcw6-IM2dxWLM",
      "expire_date": "2023-12-22T17:52:28.554Z"
    }
  },
  {
    "model": "sessions.session",
    "pk": "yl21cuf7h1fy4wy40py5vkze2e2naqoq",
    "fields": {
      "session_data": ".eJxVjs1uwyAQhN-Fc4T4CwYfe-8zoGV3HdNWUBkstYry7nWqHJLrfDOf5ioS7GNNe-ctFRKz0OL0nGXAT653QB9QL01iq2MrWd4r8kG7fG_EX2-P7otghb4e64X9FL3KJnttLSoMi198DOwhmsnigsYEPrPVxhFmdBycY4ZI1hLR-ZACYtvr-HdzHQVhMCUYYtaTslMwRmnpfPRBheNC595Lq4l_vsv2K2Z1-wNM3k3k:1rIta5:22st4cXhr91E74tmR5eOpQA79h9rv5tNU5FRpCl3_Ko",
      "expire_date": "2023-12-28T17:50:01.506Z"
    }
  },
  {
    "model": "sessions.session",
    "pk": "z4gj6dd2hftfr6z1t06rfe9tioyf1065",
    "fields": {
      "session_data": ".eJxVjMEOwiAQBf-FsyEtUAo9evcbCOwuFjVgoE00xn_XJj3o9c28eTHn12V2a6PqErKJ9ezwuwUPV8obwIvP58Kh5KWmwDeF77TxU0G6HXf3LzD7Nn_fkfRodRdE0L2U0IGJOmprSHsrRgkRhDA0kOyFQgigyChF5C1KiYjDFm3UWirZ0eOe6pNN3fsDmq4_sQ:1rGi6x:R4fDwrWwPt_W3L06aApR_NiuJUyQdpHTBZGbroYoSjw",
      "expire_date": "2023-12-22T16:10:55.657Z"
    }
  },
  {
    "model": "sessions.session",
    "pk": "zzyqerzwunlirhjv6acprzdwqwtdjttt",
    "fields": {
      "session_data": ".eJxVjktuxCAQRO_CeoT4GAxeZj9nQE13e0wSwchgKVGUu8cTzSLZ1qt6qi-R4BhbOjrvqZBYhBaXv1kGfOP6APQK9dYktjr2kuWjIp-0y2sjfn95dv8JNujbuV7Zz9GrbLLX1qLCsPrVx8AeopktrmhMYMdWm4kw48RhmpghkrVE5E4pILajjl8311EQBlOCIRY9K2uc887JoKLR_nzQuffSauKPe9k_xaK-fwACSE2t:1rGgbP:__WqHRmtbsTrqQwDZuZL9vxadzuvviM5OI2N8QwhjoY",
      "expire_date": "2023-12-22T14:34:15.851Z"
    }
  },
  {
    "model": "sites.site",
    "pk": 1,
    "fields": {
      "domain": "example.com",
      "name": "AsyQuote"
    }
  },
  {
    "model": "admin.logentry",
    "pk": 1,
    "fields": {
      "action_time": "2023-12-19T20:46:52.067Z",
      "user": 1,
      "content_type": 59,
      "object_id": "1",
      "object_repr": "admin",
      "action_flag": 2,
      "change_message": "[]"
    }
  },
  {
    "model": "admin.logentry",
    "pk": 2,
    "fields": {
      "action_time": "2023-12-19T21:08:37.269Z",
      "user": 1,
      "content_type": 59,
      "object_id": "2",
      "object_repr": "admin2",
      "action_flag": 1,
      "change_message": "[{\"added\": {}}]"
    }
  },
  {
    "model": "admin.logentry",
    "pk": 3,
    "fields": {
      "action_time": "2023-12-19T21:08:54.174Z",
      "user": 1,
      "content_type": 59,
      "object_id": "2",
      "object_repr": "admin2",
      "action_flag": 2,
      "change_message": "[{\"changed\": {\"fields\": [\"Active\"]}}]"
    }
  },
  {
    "model": "admin.logentry",
    "pk": 4,
    "fields": {
      "action_time": "2024-01-11T20:04:27.623Z",
      "user": 1,
      "content_type": 59,
      "object_id": "5",
      "object_repr": "aaaa",
      "action_flag": 3,
      "change_message": ""
    }
  },
  {
    "model": "admin.logentry",
    "pk": 5,
    "fields": {
      "action_time": "2024-01-13T15:08:10.686Z",
      "user": 1,
      "content_type": 59,
      "object_id": "2",
      "object_repr": "admin2",
      "action_flag": 3,
      "change_message": ""
    }
  },
  {
    "model": "admin.logentry",
    "pk": 6,
    "fields": {
      "action_time": "2024-01-13T15:20:39.032Z",
      "user": 1,
      "content_type": 59,
      "object_id": "8",
      "object_repr": "aaaa",
      "action_flag": 3,
      "change_message": ""
    }
  },
  {
    "model": "admin.logentry",
    "pk": 7,
    "fields": {
      "action_time": "2024-01-13T15:20:39.032Z",
      "user": 1,
      "content_type": 59,
      "object_id": "8",
      "object_repr": "aaaa",
      "action_flag": 3,
      "change_message": ""
    }
  },
  {
    "model": "admin.logentry",
    "pk": 8,
    "fields": {
      "action_time": "2024-01-13T15:20:39.034Z",
      "user": 1,
      "content_type": 59,
      "object_id": "7",
      "object_repr": "ssss",
      "action_flag": 3,
      "change_message": ""
    }
  },
  {
    "model": "admin.logentry",
    "pk": 9,
    "fields": {
      "action_time": "2024-01-13T15:20:39.035Z",
      "user": 1,
      "content_type": 59,
      "object_id": "7",
      "object_repr": "ssss",
      "action_flag": 3,
      "change_message": ""
    }
  },
  {
    "model": "admin.logentry",
    "pk": 10,
    "fields": {
      "action_time": "2024-01-13T15:39:01.689Z",
      "user": 1,
      "content_type": 59,
      "object_id": "9",
      "object_repr": "aaaa",
      "action_flag": 3,
      "change_message": ""
    }
  },
  {
    "model": "admin.logentry",
    "pk": 11,
    "fields": {
      "action_time": "2024-01-13T15:55:20.208Z",
      "user": 1,
      "content_type": 59,
      "object_id": "10",
      "object_repr": "aaaa",
      "action_flag": 3,
      "change_message": ""
    }
  },
  {
    "model": "admin.logentry",
    "pk": 12,
    "fields": {
      "action_time": "2024-01-13T15:55:20.219Z",
      "user": 1,
      "content_type": 59,
      "object_id": "10",
      "object_repr": "aaaa",
      "action_flag": 3,
      "change_message": ""
    }
  },
  {
    "model": "admin.logentry",
    "pk": 13,
    "fields": {
      "action_time": "2024-01-13T15:56:58.344Z",
      "user": 1,
      "content_type": 59,
      "object_id": "11",
      "object_repr": "aaaa",
      "action_flag": 3,
      "change_message": ""
    }
  },
  {
    "model": "admin.logentry",
    "pk": 14,
    "fields": {
      "action_time": "2024-01-13T16:13:12.203Z",
      "user": 1,
      "content_type": 59,
      "object_id": "12",
      "object_repr": "aaaa",
      "action_flag": 3,
      "change_message": ""
    }
  },
  {
    "model": "admin.logentry",
    "pk": 15,
    "fields": {
      "action_time": "2024-01-13T16:16:07.182Z",
      "user": 1,
      "content_type": 59,
      "object_id": "13",
      "object_repr": "jjjj",
      "action_flag": 3,
      "change_message": ""
    }
  },
  {
    "model": "admin.logentry",
    "pk": 16,
    "fields": {
      "action_time": "2024-01-13T16:17:45.679Z",
      "user": 1,
      "content_type": 59,
      "object_id": "14",
      "object_repr": "abcd",
      "action_flag": 3,
      "change_message": ""
    }
  },
  {
    "model": "admin.logentry",
    "pk": 17,
    "fields": {
      "action_time": "2024-01-13T16:43:08.094Z",
      "user": 1,
      "content_type": 59,
      "object_id": "15",
      "object_repr": "asdf",
      "action_flag": 3,
      "change_message": ""
    }
  },
  {
    "model": "admin.logentry",
    "pk": 18,
    "fields": {
      "action_time": "2024-01-13T16:44:38.458Z",
      "user": 1,
      "content_type": 59,
      "object_id": "16",
      "object_repr": "accc",
      "action_flag": 3,
      "change_message": ""
    }
  },
  {
    "model": "admin.logentry",
    "pk": 19,
    "fields": {
      "action_time": "2024-01-13T16:48:25.627Z",
      "user": 1,
      "content_type": 59,
      "object_id": "17",
      "object_repr": "aaaa",
      "action_flag": 3,
      "change_message": ""
    }
  },
  {
    "model": "admin.logentry",
    "pk": 20,
    "fields": {
      "action_time": "2024-01-13T16:54:28.692Z",
      "user": 1,
      "content_type": 59,
      "object_id": "18",
      "object_repr": "aaaa",
      "action_flag": 3,
      "change_message": ""
    }
  },
  {
    "model": "admin.logentry",
    "pk": 21,
    "fields": {
      "action_time": "2024-01-14T14:39:21.469Z",
      "user": 1,
      "content_type": 59,
      "object_id": "19",
      "object_repr": "aaaa",
      "action_flag": 3,
      "change_message": ""
    }
  },
  {
    "model": "wagtailimages.image",
    "pk": 1,
    "fields": {
      "collection": 1,
      "title": "Construction-Illustration 1",
      "file": "original_images/Construction-Illustration_1.png",
      "width": 865,
      "height": 695,
      "created_at": "2023-11-23T10:33:29.977Z",
      "uploaded_by_user": 1,
      "focal_point_x": null,
      "focal_point_y": null,
      "focal_point_width": null,
      "focal_point_height": null,
      "file_size": 297248,
      "file_hash": "ecba8a7669d2a496190d0def2e6282f34b0ddee6"
    }
  },
  {
    "model": "wagtailimages.image",
    "pk": 2,
    "fields": {
      "collection": 1,
      "title": "obrascompinta-removebg-preview",
      "file": "original_images/obrascompinta-removebg-preview_vXRiUXc.png",
      "width": 518,
      "height": 482,
      "created_at": "2023-11-23T10:34:47.733Z",
      "uploaded_by_user": 1,
      "focal_point_x": null,
      "focal_point_y": null,
      "focal_point_width": null,
      "focal_point_height": null,
      "file_size": 74756,
      "file_hash": "9ad0b042bf894bbfff17c717eddd98c955875d09"
    }
  },
  {
    "model": "wagtailimages.image",
    "pk": 3,
    "fields": {
      "collection": 1,
      "title": "Multitasking-bro 1",
      "file": "original_images/Multitasking-bro_1_AXBxLei.png",
      "width": 450,
      "height": 450,
      "created_at": "2023-11-23T10:35:59.047Z",
      "uploaded_by_user": 1,
      "focal_point_x": null,
      "focal_point_y": null,
      "focal_point_width": null,
      "focal_point_height": null,
      "file_size": 61168,
      "file_hash": "ff6c744220f0b1d623e8837548cd0d743283963d"
    }
  },
  {
    "model": "wagtailimages.image",
    "pk": 4,
    "fields": {
      "collection": 1,
      "title": "6491986 1",
      "file": "original_images/6491986_1_WdarKF1.png",
      "width": 450,
      "height": 400,
      "created_at": "2023-11-23T10:36:19.431Z",
      "uploaded_by_user": 1,
      "focal_point_x": null,
      "focal_point_y": null,
      "focal_point_width": null,
      "focal_point_height": null,
      "file_size": 59898,
      "file_hash": "ac7c407e068ebf0bee8d59eaa1e205aefc650007"
    }
  },
  {
    "model": "wagtailimages.image",
    "pk": 5,
    "fields": {
      "collection": 1,
      "title": "data (1)",
      "file": "original_images/data_1_fNDFBSM.png",
      "width": 500,
      "height": 536,
      "created_at": "2023-11-23T10:36:37.847Z",
      "uploaded_by_user": 1,
      "focal_point_x": null,
      "focal_point_y": null,
      "focal_point_width": null,
      "focal_point_height": null,
      "file_size": 167833,
      "file_hash": "5fef308dba0450a302cd3ee8d7552451ea90fbb4"
    }
  },
  {
    "model": "wagtailimages.image",
    "pk": 6,
    "fields": {
      "collection": 1,
      "title": "1 star",
      "file": "original_images/Component_20_ATSfq7z.png",
      "width": 156,
      "height": 30,
      "created_at": "2023-11-23T10:37:52.237Z",
      "uploaded_by_user": 1,
      "focal_point_x": null,
      "focal_point_y": null,
      "focal_point_width": null,
      "focal_point_height": null,
      "file_size": 668,
      "file_hash": "c7d732376bfdedf0b7b01a0ba7a513153c53ec0e"
    }
  },
  {
    "model": "wagtailimages.image",
    "pk": 7,
    "fields": {
      "collection": 1,
      "title": "2 star",
      "file": "original_images/Component_19_6gWcMBp.png",
      "width": 156,
      "height": 30,
      "created_at": "2023-11-23T10:38:11.738Z",
      "uploaded_by_user": 1,
      "focal_point_x": null,
      "focal_point_y": null,
      "focal_point_width": null,
      "focal_point_height": null,
      "file_size": 971,
      "file_hash": "f0cca3b3f5c7c446d018da3d9e125c83623a6b90"
    }
  },
  {
    "model": "wagtailimages.image",
    "pk": 8,
    "fields": {
      "collection": 1,
      "title": "3 star",
      "file": "original_images/Component_18.png",
      "width": 156,
      "height": 30,
      "created_at": "2023-11-23T10:38:27.494Z",
      "uploaded_by_user": 1,
      "focal_point_x": null,
      "focal_point_y": null,
      "focal_point_width": null,
      "focal_point_height": null,
      "file_size": 1227,
      "file_hash": "d755bd971a9f36fa44d01cea343582d4839b2baa"
    }
  },
  {
    "model": "wagtailimages.image",
    "pk": 9,
    "fields": {
      "collection": 1,
      "title": "4 star",
      "file": "original_images/Component_17.png",
      "width": 156,
      "height": 30,
      "created_at": "2023-11-23T10:38:49.621Z",
      "uploaded_by_user": 1,
      "focal_point_x": null,
      "focal_point_y": null,
      "focal_point_width": null,
      "focal_point_height": null,
      "file_size": 1517,
      "file_hash": "5ccc5fb5d69eaecdbf7eb0cd807dc5dfbc053506"
    }
  },
  {
    "model": "wagtailimages.image",
    "pk": 10,
    "fields": {
      "collection": 1,
      "title": "5 star",
      "file": "original_images/Component_3.png",
      "width": 156,
      "height": 30,
      "created_at": "2023-11-23T10:39:05.720Z",
      "uploaded_by_user": 1,
      "focal_point_x": null,
      "focal_point_y": null,
      "focal_point_width": null,
      "focal_point_height": null,
      "file_size": 1735,
      "file_hash": "836715d187e4a41069cbd0f4aeebae2cffa044cd"
    }
  },
  {
    "model": "wagtailimages.image",
    "pk": 11,
    "fields": {
      "collection": 1,
      "title": "4.5 star",
      "file": "original_images/Component_33_ih9FfIJ.png",
      "width": 158,
      "height": 30,
      "created_at": "2023-11-23T10:39:55.898Z",
      "uploaded_by_user": 1,
      "focal_point_x": null,
      "focal_point_y": null,
      "focal_point_width": null,
      "focal_point_height": null,
      "file_size": 853,
      "file_hash": "cd8b69948d6d5be2ab179a7ecd6af38c683bde66"
    }
  },
  {
    "model": "wagtailimages.image",
    "pk": 12,
    "fields": {
      "collection": 1,
      "title": "1.5 star",
      "file": "original_images/Component_30_wTj7CSl.png",
      "width": 63,
      "height": 30,
      "created_at": "2023-11-23T10:40:49.510Z",
      "uploaded_by_user": 1,
      "focal_point_x": null,
      "focal_point_y": null,
      "focal_point_width": null,
      "focal_point_height": null,
      "file_size": 742,
      "file_hash": "7d4bf0b25642cd84384c1acbd4045cdf13dbeb03"
    }
  },
  {
    "model": "wagtailimages.image",
    "pk": 13,
    "fields": {
      "collection": 1,
      "title": "1.5 star",
      "file": "original_images/Component_30_6l2eb0G.png",
      "width": 63,
      "height": 30,
      "created_at": "2023-11-23T10:41:19.268Z",
      "uploaded_by_user": 1,
      "focal_point_x": null,
      "focal_point_y": null,
      "focal_point_width": null,
      "focal_point_height": null,
      "file_size": 742,
      "file_hash": "7d4bf0b25642cd84384c1acbd4045cdf13dbeb03"
    }
  },
  {
    "model": "wagtailimages.image",
    "pk": 14,
    "fields": {
      "collection": 1,
      "title": "2.5 star",
      "file": "original_images/Component_31_Pl1l32l.png",
      "width": 95,
      "height": 30,
      "created_at": "2023-11-23T10:42:59.022Z",
      "uploaded_by_user": 1,
      "focal_point_x": null,
      "focal_point_y": null,
      "focal_point_width": null,
      "focal_point_height": null,
      "file_size": 806,
      "file_hash": "9d3fef313e109d8371742be44e12da50867a3269"
    }
  },
  {
    "model": "wagtailimages.image",
    "pk": 15,
    "fields": {
      "collection": 1,
      "title": "3.5 star",
      "file": "original_images/Component_32_xpocg6i.png",
      "width": 127,
      "height": 30,
      "created_at": "2023-11-23T10:44:20.409Z",
      "uploaded_by_user": 1,
      "focal_point_x": null,
      "focal_point_y": null,
      "focal_point_width": null,
      "focal_point_height": null,
      "file_size": 819,
      "file_hash": "886f43f9f444c813932bf840b0cc8ccbd85e880d"
    }
  },
  {
    "model": "wagtailimages.image",
    "pk": 16,
    "fields": {
      "collection": 1,
      "title": "image 1",
      "file": "original_images/image_1_jU7ZQSq.png",
      "width": 30,
      "height": 30,
      "created_at": "2023-11-23T10:45:46.516Z",
      "uploaded_by_user": 1,
      "focal_point_x": null,
      "focal_point_y": null,
      "focal_point_width": null,
      "focal_point_height": null,
      "file_size": 493,
      "file_hash": "897de54e1335d098ee1a6376b691fae6fd1679a8"
    }
  },
  {
    "model": "wagtailimages.image",
    "pk": 17,
    "fields": {
      "collection": 1,
      "title": "image 2",
      "file": "original_images/image_2_qa7v95L.png",
      "width": 30,
      "height": 30,
      "created_at": "2023-11-23T10:46:17.409Z",
      "uploaded_by_user": 1,
      "focal_point_x": null,
      "focal_point_y": null,
      "focal_point_width": null,
      "focal_point_height": null,
      "file_size": 622,
      "file_hash": "884304c377cb80ccf8321053335ee8072a952852"
    }
  },
  {
    "model": "wagtailimages.image",
    "pk": 18,
    "fields": {
      "collection": 1,
      "title": "Types-of-computer-buses-768x563",
      "file": "original_images/Types-of-computer-buses-768x563.jpg",
      "width": 768,
      "height": 563,
      "created_at": "2024-01-20T17:16:48.282Z",
      "uploaded_by_user": 1,
      "focal_point_x": null,
      "focal_point_y": null,
      "focal_point_width": null,
      "focal_point_height": null,
      "file_size": 74043,
      "file_hash": "e8b24d5c537fffc4d897872a666d92c07c0cb652"
    }
  },
  {
    "model": "wagtailimages.rendition",
    "pk": 1,
    "fields": {
      "filter_spec": "max-165x165",
      "file": "images/Construction-Illustration_1.max-165x165.png",
      "width": 165,
      "height": 132,
      "focal_point_key": "",
      "image": 1
    }
  },
  {
    "model": "wagtailimages.rendition",
    "pk": 2,
    "fields": {
      "filter_spec": "max-165x165",
      "file": "images/obrascompinta-removebg-preview_vXRiUXc.max-165x165.png",
      "width": 165,
      "height": 153,
      "focal_point_key": "",
      "image": 2
    }
  },
  {
    "model": "wagtailimages.rendition",
    "pk": 3,
    "fields": {
      "filter_spec": "max-165x165",
      "file": "images/Multitasking-bro_1_AXBxLei.max-165x165.png",
      "width": 165,
      "height": 165,
      "focal_point_key": "",
      "image": 3
    }
  },
  {
    "model": "wagtailimages.rendition",
    "pk": 4,
    "fields": {
      "filter_spec": "max-165x165",
      "file": "images/6491986_1_WdarKF1.max-165x165.png",
      "width": 165,
      "height": 146,
      "focal_point_key": "",
      "image": 4
    }
  },
  {
    "model": "wagtailimages.rendition",
    "pk": 5,
    "fields": {
      "filter_spec": "max-165x165",
      "file": "images/data_1_fNDFBSM.max-165x165.png",
      "width": 153,
      "height": 165,
      "focal_point_key": "",
      "image": 5
    }
  },
  {
    "model": "wagtailimages.rendition",
    "pk": 6,
    "fields": {
      "filter_spec": "max-165x165",
      "file": "images/Component_20_ATSfq7z.max-165x165.png",
      "width": 156,
      "height": 30,
      "focal_point_key": "",
      "image": 6
    }
  },
  {
    "model": "wagtailimages.rendition",
    "pk": 7,
    "fields": {
      "filter_spec": "max-165x165",
      "file": "images/Component_19_6gWcMBp.max-165x165.png",
      "width": 156,
      "height": 30,
      "focal_point_key": "",
      "image": 7
    }
  },
  {
    "model": "wagtailimages.rendition",
    "pk": 8,
    "fields": {
      "filter_spec": "max-165x165",
      "file": "images/Component_18.max-165x165.png",
      "width": 156,
      "height": 30,
      "focal_point_key": "",
      "image": 8
    }
  },
  {
    "model": "wagtailimages.rendition",
    "pk": 9,
    "fields": {
      "filter_spec": "max-165x165",
      "file": "images/Component_17.max-165x165.png",
      "width": 156,
      "height": 30,
      "focal_point_key": "",
      "image": 9
    }
  },
  {
    "model": "wagtailimages.rendition",
    "pk": 10,
    "fields": {
      "filter_spec": "max-165x165",
      "file": "images/Component_3.max-165x165.png",
      "width": 156,
      "height": 30,
      "focal_point_key": "",
      "image": 10
    }
  },
  {
    "model": "wagtailimages.rendition",
    "pk": 11,
    "fields": {
      "filter_spec": "max-165x165",
      "file": "images/Component_33_ih9FfIJ.max-165x165.png",
      "width": 158,
      "height": 30,
      "focal_point_key": "",
      "image": 11
    }
  },
  {
    "model": "wagtailimages.rendition",
    "pk": 12,
    "fields": {
      "filter_spec": "max-165x165",
      "file": "images/Component_30_wTj7CSl.max-165x165.png",
      "width": 63,
      "height": 30,
      "focal_point_key": "",
      "image": 12
    }
  },
  {
    "model": "wagtailimages.rendition",
    "pk": 13,
    "fields": {
      "filter_spec": "max-800x600",
      "file": "images/Component_30_wTj7CSl.max-800x600.png",
      "width": 63,
      "height": 30,
      "focal_point_key": "",
      "image": 12
    }
  },
  {
    "model": "wagtailimages.rendition",
    "pk": 14,
    "fields": {
      "filter_spec": "max-800x600",
      "file": "images/Component_30_6l2eb0G.max-800x600.png",
      "width": 63,
      "height": 30,
      "focal_point_key": "",
      "image": 13
    }
  },
  {
    "model": "wagtailimages.rendition",
    "pk": 15,
    "fields": {
      "filter_spec": "original",
      "file": "images/Component_30_wTj7CSl.original.png",
      "width": 63,
      "height": 30,
      "focal_point_key": "",
      "image": 12
    }
  },
  {
    "model": "wagtailimages.rendition",
    "pk": 16,
    "fields": {
      "filter_spec": "max-165x165",
      "file": "images/Component_30_6l2eb0G.max-165x165.png",
      "width": 63,
      "height": 30,
      "focal_point_key": "",
      "image": 13
    }
  },
  {
    "model": "wagtailimages.rendition",
    "pk": 17,
    "fields": {
      "filter_spec": "max-165x165",
      "file": "images/Component_31_Pl1l32l.max-165x165.png",
      "width": 95,
      "height": 30,
      "focal_point_key": "",
      "image": 14
    }
  },
  {
    "model": "wagtailimages.rendition",
    "pk": 18,
    "fields": {
      "filter_spec": "max-165x165",
      "file": "images/Component_32_xpocg6i.max-165x165.png",
      "width": 127,
      "height": 30,
      "focal_point_key": "",
      "image": 15
    }
  },
  {
    "model": "wagtailimages.rendition",
    "pk": 19,
    "fields": {
      "filter_spec": "max-165x165",
      "file": "images/image_1_jU7ZQSq.max-165x165.png",
      "width": 30,
      "height": 30,
      "focal_point_key": "",
      "image": 16
    }
  },
  {
    "model": "wagtailimages.rendition",
    "pk": 20,
    "fields": {
      "filter_spec": "max-165x165",
      "file": "images/image_2_qa7v95L.max-165x165.png",
      "width": 30,
      "height": 30,
      "focal_point_key": "",
      "image": 17
    }
  },
  {
    "model": "wagtailimages.rendition",
    "pk": 21,
    "fields": {
      "filter_spec": "width-1000",
      "file": "images/Construction-Illustration_1.width-1000.png",
      "width": 865,
      "height": 695,
      "focal_point_key": "",
      "image": 1
    }
  },
  {
    "model": "wagtailimages.rendition",
    "pk": 22,
    "fields": {
      "filter_spec": "width-200",
      "file": "images/obrascompinta-removebg-preview_vXRiUXc.width-200.png",
      "width": 200,
      "height": 186,
      "focal_point_key": "",
      "image": 2
    }
  },
  {
    "model": "wagtailimages.rendition",
    "pk": 23,
    "fields": {
      "filter_spec": "width-600",
      "file": "images/Multitasking-bro_1_AXBxLei.width-600.png",
      "width": 450,
      "height": 450,
      "focal_point_key": "",
      "image": 3
    }
  },
  {
    "model": "wagtailimages.rendition",
    "pk": 24,
    "fields": {
      "filter_spec": "width-600",
      "file": "images/6491986_1_WdarKF1.width-600.png",
      "width": 450,
      "height": 400,
      "focal_point_key": "",
      "image": 4
    }
  },
  {
    "model": "wagtailimages.rendition",
    "pk": 25,
    "fields": {
      "filter_spec": "width-600",
      "file": "images/data_1_fNDFBSM.width-600.png",
      "width": 500,
      "height": 536,
      "focal_point_key": "",
      "image": 5
    }
  },
  {
    "model": "wagtailimages.rendition",
    "pk": 26,
    "fields": {
      "filter_spec": "width-30",
      "file": "images/image_1_jU7ZQSq.width-30.png",
      "width": 30,
      "height": 30,
      "focal_point_key": "",
      "image": 16
    }
  },
  {
    "model": "wagtailimages.rendition",
    "pk": 27,
    "fields": {
      "filter_spec": "width-30",
      "file": "images/image_2_qa7v95L.width-30.png",
      "width": 30,
      "height": 30,
      "focal_point_key": "",
      "image": 17
    }
  },
  {
    "model": "wagtailimages.rendition",
    "pk": 28,
    "fields": {
      "filter_spec": "width-200",
      "file": "images/Component_3.width-200.png",
      "width": 156,
      "height": 30,
      "focal_point_key": "",
      "image": 10
    }
  },
  {
    "model": "wagtailimages.rendition",
    "pk": 29,
    "fields": {
      "filter_spec": "width-200",
      "file": "images/Component_33_ih9FfIJ.width-200.png",
      "width": 158,
      "height": 30,
      "focal_point_key": "",
      "image": 11
    }
  },
  {
    "model": "wagtailimages.rendition",
    "pk": 30,
    "fields": {
      "filter_spec": "max-165x165",
      "file": "images/Types-of-computer-buses-768x563.max-165x165.jpg",
      "width": 165,
      "height": 120,
      "focal_point_key": "",
      "image": 18
    }
  },
  {
    "model": "wagtailsearch.indexentry",
    "pk": 1,
    "fields": {
      "content_type": 1,
      "object_id": "1",
      "title_norm": 2.5,
      "autocomplete": "'root':1",
      "title": "'root':1B",
      "body": ""
    }
  },
  {
    "model": "wagtailsearch.indexentry",
    "pk": 2,
    "fields": {
      "content_type": 2,
      "object_id": "1",
      "title_norm": 0.625,
      "autocomplete": "'1':4 'construction':2 'construction-illustration':1 'illustration':3",
      "title": "'1':4A 'construct':2A 'construction-illustr':1A 'illustr':3A",
      "body": ""
    }
  },
  {
    "model": "wagtailsearch.indexentry",
    "pk": 4,
    "fields": {
      "content_type": 2,
      "object_id": "2",
      "title_norm": 0.75,
      "autocomplete": "'obrascompinta':2 'obrascompinta-removebg-preview':1 'preview':4 'removebg':3",
      "title": "'obrascompinta':2A 'obrascompinta-removebg-preview':1A 'preview':4A 'removebg':3A",
      "body": ""
    }
  },
  {
    "model": "wagtailsearch.indexentry",
    "pk": 6,
    "fields": {
      "content_type": 2,
      "object_id": "3",
      "title_norm": 0.8125,
      "autocomplete": "'1':4 'bro':3 'multitasking':2 'multitasking-bro':1",
      "title": "'1':4A 'bro':3A 'multitask':2A 'multitasking-bro':1A",
      "body": ""
    }
  },
  {
    "model": "wagtailsearch.indexentry",
    "pk": 8,
    "fields": {
      "content_type": 2,
      "object_id": "4",
      "title_norm": 1.5,
      "autocomplete": "'1':2 '6491986':1",
      "title": "'1':2A '6491986':1A",
      "body": ""
    }
  },
  {
    "model": "wagtailsearch.indexentry",
    "pk": 10,
    "fields": {
      "content_type": 2,
      "object_id": "5",
      "title_norm": 1.4166666666666667,
      "autocomplete": "'1':2 'data':1",
      "title": "'1':2A 'data':1A",
      "body": ""
    }
  },
  {
    "model": "wagtailsearch.indexentry",
    "pk": 12,
    "fields": {
      "content_type": 60,
      "object_id": "3",
      "title_norm": 2.210526315789474,
      "autocomplete": "'home':1",
      "title": "'home':1B",
      "body": ""
    }
  },
  {
    "model": "wagtailsearch.indexentry",
    "pk": 15,
    "fields": {
      "content_type": 2,
      "object_id": "6",
      "title_norm": 1.25,
      "autocomplete": "'1':1 'star':2",
      "title": "'1':1A 'star':2A",
      "body": ""
    }
  },
  {
    "model": "wagtailsearch.indexentry",
    "pk": 17,
    "fields": {
      "content_type": 2,
      "object_id": "7",
      "title_norm": 1.222222222222222,
      "autocomplete": "'2':1 'star':2",
      "title": "'2':1A 'star':2A",
      "body": ""
    }
  },
  {
    "model": "wagtailsearch.indexentry",
    "pk": 19,
    "fields": {
      "content_type": 2,
      "object_id": "8",
      "title_norm": 1.2,
      "autocomplete": "'3':1 'star':2",
      "title": "'3':1A 'star':2A",
      "body": ""
    }
  },
  {
    "model": "wagtailsearch.indexentry",
    "pk": 21,
    "fields": {
      "content_type": 2,
      "object_id": "9",
      "title_norm": 1.1818181818181819,
      "autocomplete": "'4':1 'star':2",
      "title": "'4':1A 'star':2A",
      "body": ""
    }
  },
  {
    "model": "wagtailsearch.indexentry",
    "pk": 23,
    "fields": {
      "content_type": 2,
      "object_id": "10",
      "title_norm": 1.1666666666666667,
      "autocomplete": "'5':1 'star':2",
      "title": "'5':1A 'star':2A",
      "body": ""
    }
  },
  {
    "model": "wagtailsearch.indexentry",
    "pk": 25,
    "fields": {
      "content_type": 2,
      "object_id": "11",
      "title_norm": 1.1538461538461537,
      "autocomplete": "'4.5':1 'star':2",
      "title": "'4.5':1A 'star':2A",
      "body": ""
    }
  },
  {
    "model": "wagtailsearch.indexentry",
    "pk": 27,
    "fields": {
      "content_type": 2,
      "object_id": "12",
      "title_norm": 1.1333333333333333,
      "autocomplete": "'1.5':1 'star':2",
      "title": "'1.5':1A 'star':2A",
      "body": ""
    }
  },
  {
    "model": "wagtailsearch.indexentry",
    "pk": 29,
    "fields": {
      "content_type": 2,
      "object_id": "13",
      "title_norm": 1.1333333333333333,
      "autocomplete": "'1.5':1 'star':2",
      "title": "'1.5':1A 'star':2A",
      "body": ""
    }
  },
  {
    "model": "wagtailsearch.indexentry",
    "pk": 33,
    "fields": {
      "content_type": 2,
      "object_id": "14",
      "title_norm": 1.125,
      "autocomplete": "'2.5':1 'star':2",
      "title": "'2.5':1A 'star':2A",
      "body": ""
    }
  },
  {
    "model": "wagtailsearch.indexentry",
    "pk": 35,
    "fields": {
      "content_type": 2,
      "object_id": "15",
      "title_norm": 1.1176470588235294,
      "autocomplete": "'3.5':1 'star':2",
      "title": "'3.5':1A 'star':2A",
      "body": ""
    }
  },
  {
    "model": "wagtailsearch.indexentry",
    "pk": 37,
    "fields": {
      "content_type": 2,
      "object_id": "16",
      "title_norm": 1.1111111111111112,
      "autocomplete": "'1':2 'image':1",
      "title": "'1':2A 'imag':1A",
      "body": ""
    }
  },
  {
    "model": "wagtailsearch.indexentry",
    "pk": 39,
    "fields": {
      "content_type": 2,
      "object_id": "17",
      "title_norm": 1.105263157894737,
      "autocomplete": "'2':2 'image':1",
      "title": "'2':2A 'imag':1A",
      "body": ""
    }
  },
  {
    "model": "wagtailsearch.indexentry",
    "pk": 47,
    "fields": {
      "content_type": 2,
      "object_id": "18",
      "title_norm": 0.47,
      "autocomplete": "'768x563':6 'buses':5 'computer':4 'of':3 'types':2 'types-of-computer-buses-768x563':1",
      "title": "'768x563':6A 'buse':5A 'comput':4A 'type':2A 'types-of-computer-buses-768x563':1A",
      "body": ""
    }
  },
  {
    "model": "wagtailcore.locale",
    "pk": 1,
    "fields": {
      "language_code": "pt"
    }
  },
  {
    "model": "wagtailcore.site",
    "pk": 2,
    "fields": {
      "hostname": "localhost",
      "port": 8000,
      "site_name": "AsyQuote",
      "root_page": 3,
      "is_default_site": true
    }
  },
  {
    "model": "wagtailcore.modellogentry",
    "pk": 1,
    "fields": {
      "content_type": 38,
      "label": "1 star",
      "action": "wagtail.create",
      "data": {},
      "timestamp": "2023-11-23T10:37:54.071Z",
      "uuid": "f6c8c2cf-95a2-453e-af95-571e394508af",
      "user": 1,
      "revision": null,
      "content_changed": true,
      "deleted": false,
      "object_id": "1"
    }
  },
  {
    "model": "wagtailcore.modellogentry",
    "pk": 2,
    "fields": {
      "content_type": 38,
      "label": "2 star",
      "action": "wagtail.create",
      "data": {},
      "timestamp": "2023-11-23T10:38:13.601Z",
      "uuid": "946ec9bc-933e-4d69-aa5e-a8e211c4d441",
      "user": 1,
      "revision": null,
      "content_changed": true,
      "deleted": false,
      "object_id": "2"
    }
  },
  {
    "model": "wagtailcore.modellogentry",
    "pk": 3,
    "fields": {
      "content_type": 38,
      "label": "3 star",
      "action": "wagtail.create",
      "data": {},
      "timestamp": "2023-11-23T10:38:29.384Z",
      "uuid": "3a5f3435-01d4-46a3-8c4d-f94a94da54cb",
      "user": 1,
      "revision": null,
      "content_changed": true,
      "deleted": false,
      "object_id": "3"
    }
  },
  {
    "model": "wagtailcore.modellogentry",
    "pk": 4,
    "fields": {
      "content_type": 38,
      "label": "4 star",
      "action": "wagtail.create",
      "data": {},
      "timestamp": "2023-11-23T10:38:51.563Z",
      "uuid": "603aad14-e5de-4c90-b0b7-9e18379e79ff",
      "user": 1,
      "revision": null,
      "content_changed": true,
      "deleted": false,
      "object_id": "4"
    }
  },
  {
    "model": "wagtailcore.modellogentry",
    "pk": 5,
    "fields": {
      "content_type": 38,
      "label": "5 star",
      "action": "wagtail.create",
      "data": {},
      "timestamp": "2023-11-23T10:39:07.218Z",
      "uuid": "a147a77e-6728-4719-942c-5035fdec9ed4",
      "user": 1,
      "revision": null,
      "content_changed": true,
      "deleted": false,
      "object_id": "5"
    }
  },
  {
    "model": "wagtailcore.modellogentry",
    "pk": 6,
    "fields": {
      "content_type": 38,
      "label": "4.5 star",
      "action": "wagtail.create",
      "data": {},
      "timestamp": "2023-11-23T10:39:58.149Z",
      "uuid": "fa9f359f-a034-4684-bd2a-d0fc8a66f3b4",
      "user": 1,
      "revision": null,
      "content_changed": true,
      "deleted": false,
      "object_id": "6"
    }
  },
  {
    "model": "wagtailcore.modellogentry",
    "pk": 7,
    "fields": {
      "content_type": 38,
      "label": "2.5 star",
      "action": "wagtail.create",
      "data": {},
      "timestamp": "2023-11-23T10:40:51.240Z",
      "uuid": "5ee14ae0-53cf-4a0c-8325-7ca102542436",
      "user": 1,
      "revision": null,
      "content_changed": true,
      "deleted": false,
      "object_id": "7"
    }
  },
  {
    "model": "wagtailcore.modellogentry",
    "pk": 8,
    "fields": {
      "content_type": 38,
      "label": "2.5 star",
      "action": "wagtail.create",
      "data": {},
      "timestamp": "2023-11-23T10:43:01.402Z",
      "uuid": "c1293ab3-e18b-49fa-bbe1-4e7bfeac5e63",
      "user": 1,
      "revision": null,
      "content_changed": true,
      "deleted": false,
      "object_id": "8"
    }
  },
  {
    "model": "wagtailcore.modellogentry",
    "pk": 9,
    "fields": {
      "content_type": 38,
      "label": "3.5 star",
      "action": "wagtail.create",
      "data": {},
      "timestamp": "2023-11-23T10:44:21.928Z",
      "uuid": "0ad4e22d-8787-47dc-aa32-21fefca9b0bf",
      "user": 1,
      "revision": null,
      "content_changed": true,
      "deleted": false,
      "object_id": "9"
    }
  },
  {
    "model": "wagtailcore.modellogentry",
    "pk": 10,
    "fields": {
      "content_type": 37,
      "label": "AdditionalInformation object (1)",
      "action": "wagtail.create",
      "data": {},
      "timestamp": "2023-11-23T10:44:48.709Z",
      "uuid": "9c2bd4b5-184b-4364-b12f-e808d27579d6",
      "user": 1,
      "revision": null,
      "content_changed": true,
      "deleted": false,
      "object_id": "1"
    }
  },
  {
    "model": "wagtailcore.modellogentry",
    "pk": 11,
    "fields": {
      "content_type": 37,
      "label": "AdditionalInformation object (2)",
      "action": "wagtail.create",
      "data": {},
      "timestamp": "2023-11-23T10:45:06.518Z",
      "uuid": "1e0e8a42-d214-4fbf-a682-0867689bad2e",
      "user": 1,
      "revision": null,
      "content_changed": true,
      "deleted": false,
      "object_id": "2"
    }
  },
  {
    "model": "wagtailcore.modellogentry",
    "pk": 12,
    "fields": {
      "content_type": 37,
      "label": "AdditionalInformation object (3)",
      "action": "wagtail.create",
      "data": {},
      "timestamp": "2023-11-23T10:45:12.811Z",
      "uuid": "10d6628d-305e-4a91-b5de-2bb5325407dc",
      "user": 1,
      "revision": null,
      "content_changed": true,
      "deleted": false,
      "object_id": "3"
    }
  },
  {
    "model": "wagtailcore.modellogentry",
    "pk": 13,
    "fields": {
      "content_type": 39,
      "label": "FooterContact object (1)",
      "action": "wagtail.create",
      "data": {},
      "timestamp": "2023-11-23T10:45:56.303Z",
      "uuid": "16ac45a0-ff92-42f9-87af-9debf6b4879a",
      "user": 1,
      "revision": null,
      "content_changed": true,
      "deleted": false,
      "object_id": "1"
    }
  },
  {
    "model": "wagtailcore.modellogentry",
    "pk": 14,
    "fields": {
      "content_type": 39,
      "label": "FooterContact object (2)",
      "action": "wagtail.create",
      "data": {},
      "timestamp": "2023-11-23T10:46:28.902Z",
      "uuid": "943e91a7-ea62-4327-bb3f-b6111529bc4e",
      "user": 1,
      "revision": null,
      "content_changed": true,
      "deleted": false,
      "object_id": "2"
    }
  },
  {
    "model": "wagtailcore.modellogentry",
    "pk": 15,
    "fields": {
      "content_type": 40,
      "label": "FooterTitles object (1)",
      "action": "wagtail.create",
      "data": {},
      "timestamp": "2023-11-23T10:46:49.346Z",
      "uuid": "53286596-fe33-4e8b-80f1-1f53de4deae0",
      "user": 1,
      "revision": null,
      "content_changed": true,
      "deleted": false,
      "object_id": "1"
    }
  },
  {
    "model": "wagtailcore.modellogentry",
    "pk": 16,
    "fields": {
      "content_type": 41,
      "label": "WebsitePages object (1)",
      "action": "wagtail.create",
      "data": {},
      "timestamp": "2023-11-23T10:47:24.514Z",
      "uuid": "78c7b81e-f02d-4255-ae36-2c7a224360b0",
      "user": 1,
      "revision": null,
      "content_changed": true,
      "deleted": false,
      "object_id": "1"
    }
  },
  {
    "model": "wagtailcore.modellogentry",
    "pk": 17,
    "fields": {
      "content_type": 41,
      "label": "WebsitePages object (2)",
      "action": "wagtail.create",
      "data": {},
      "timestamp": "2023-11-23T10:47:35.742Z",
      "uuid": "21dc6a87-4a47-40e0-b368-1f9eb78f407c",
      "user": 1,
      "revision": null,
      "content_changed": true,
      "deleted": false,
      "object_id": "2"
    }
  },
  {
    "model": "wagtailcore.modellogentry",
    "pk": 18,
    "fields": {
      "content_type": 41,
      "label": "WebsitePages object (3)",
      "action": "wagtail.create",
      "data": {},
      "timestamp": "2023-11-23T10:48:01.966Z",
      "uuid": "64bb55a7-784f-4a42-a4bd-3b61fc19c100",
      "user": 1,
      "revision": null,
      "content_changed": true,
      "deleted": false,
      "object_id": "3"
    }
  },
  {
    "model": "wagtailcore.modellogentry",
    "pk": 19,
    "fields": {
      "content_type": 5,
      "label": "AsyQuote [pr-definio]",
      "action": "wagtail.create",
      "data": {},
      "timestamp": "2023-11-23T10:55:37.662Z",
      "uuid": "b23e6149-cd3e-48d0-8e2d-dc10eb6ed320",
      "user": 1,
      "revision": null,
      "content_changed": true,
      "deleted": false,
      "object_id": "2"
    }
  },
  {
    "model": "wagtailcore.modellogentry",
    "pk": 20,
    "fields": {
      "content_type": 41,
      "label": "WebsitePages object (1)",
      "action": "wagtail.edit",
      "data": {},
      "timestamp": "2023-12-22T16:32:21.281Z",
      "uuid": "2bdd6c92-2fa3-465a-98f7-96017ed9edd4",
      "user": 1,
      "revision": null,
      "content_changed": true,
      "deleted": false,
      "object_id": "1"
    }
  },
  {
    "model": "wagtailcore.modellogentry",
    "pk": 21,
    "fields": {
      "content_type": 41,
      "label": "WebsitePages object (2)",
      "action": "wagtail.edit",
      "data": {},
      "timestamp": "2023-12-22T16:32:28.481Z",
      "uuid": "87f84533-fe1d-4fad-b59d-adebfbe7927a",
      "user": 1,
      "revision": null,
      "content_changed": false,
      "deleted": false,
      "object_id": "2"
    }
  },
  {
    "model": "wagtailcore.modellogentry",
    "pk": 22,
    "fields": {
      "content_type": 41,
      "label": "WebsitePages object (3)",
      "action": "wagtail.edit",
      "data": {},
      "timestamp": "2023-12-22T16:32:33.967Z",
      "uuid": "8cd3e375-af2b-4094-a26e-2fc046616d1e",
      "user": 1,
      "revision": null,
      "content_changed": false,
      "deleted": false,
      "object_id": "3"
    }
  },
  {
    "model": "wagtailcore.collection",
    "pk": 1,
    "fields": {
      "path": "0001",
      "depth": 1,
      "numchild": 0,
      "name": "Root"
    }
  },
  {
    "model": "wagtailcore.groupcollectionpermission",
    "pk": 1,
    "fields": {
      "group": 1,
      "collection": 1,
      "permission": 1
    }
  },
  {
    "model": "wagtailcore.groupcollectionpermission",
    "pk": 2,
    "fields": {
      "group": 2,
      "collection": 1,
      "permission": 1
    }
  },
  {
    "model": "wagtailcore.groupcollectionpermission",
    "pk": 3,
    "fields": {
      "group": 1,
      "collection": 1,
      "permission": 2
    }
  },
  {
    "model": "wagtailcore.groupcollectionpermission",
    "pk": 4,
    "fields": {
      "group": 2,
      "collection": 1,
      "permission": 2
    }
  },
  {
    "model": "wagtailcore.groupcollectionpermission",
    "pk": 5,
    "fields": {
      "group": 1,
      "collection": 1,
      "permission": 102
    }
  },
  {
    "model": "wagtailcore.groupcollectionpermission",
    "pk": 6,
    "fields": {
      "group": 2,
      "collection": 1,
      "permission": 102
    }
  },
  {
    "model": "wagtailcore.groupcollectionpermission",
    "pk": 7,
    "fields": {
      "group": 1,
      "collection": 1,
      "permission": 103
    }
  },
  {
    "model": "wagtailcore.groupcollectionpermission",
    "pk": 8,
    "fields": {
      "group": 2,
      "collection": 1,
      "permission": 103
    }
  },
  {
    "model": "wagtailcore.groupcollectionpermission",
    "pk": 9,
    "fields": {
      "group": 1,
      "collection": 1,
      "permission": 105
    }
  },
  {
    "model": "wagtailcore.groupcollectionpermission",
    "pk": 10,
    "fields": {
      "group": 2,
      "collection": 1,
      "permission": 105
    }
  },
  {
    "model": "wagtailcore.referenceindex",
    "pk": 1,
    "fields": {
      "content_type": 2,
      "base_content_type": 2,
      "object_id": "1",
      "to_content_type": 8,
      "to_object_id": "1",
      "model_path": "collection",
      "content_path": "collection",
      "content_path_hash": "b40b1263-e929-57f2-a7f8-9dbce56b887b"
    }
  },
  {
    "model": "wagtailcore.referenceindex",
    "pk": 2,
    "fields": {
      "content_type": 2,
      "base_content_type": 2,
      "object_id": "2",
      "to_content_type": 8,
      "to_object_id": "1",
      "model_path": "collection",
      "content_path": "collection",
      "content_path_hash": "b40b1263-e929-57f2-a7f8-9dbce56b887b"
    }
  },
  {
    "model": "wagtailcore.referenceindex",
    "pk": 3,
    "fields": {
      "content_type": 2,
      "base_content_type": 2,
      "object_id": "3",
      "to_content_type": 8,
      "to_object_id": "1",
      "model_path": "collection",
      "content_path": "collection",
      "content_path_hash": "b40b1263-e929-57f2-a7f8-9dbce56b887b"
    }
  },
  {
    "model": "wagtailcore.referenceindex",
    "pk": 4,
    "fields": {
      "content_type": 2,
      "base_content_type": 2,
      "object_id": "4",
      "to_content_type": 8,
      "to_object_id": "1",
      "model_path": "collection",
      "content_path": "collection",
      "content_path_hash": "b40b1263-e929-57f2-a7f8-9dbce56b887b"
    }
  },
  {
    "model": "wagtailcore.referenceindex",
    "pk": 5,
    "fields": {
      "content_type": 2,
      "base_content_type": 2,
      "object_id": "5",
      "to_content_type": 8,
      "to_object_id": "1",
      "model_path": "collection",
      "content_path": "collection",
      "content_path_hash": "b40b1263-e929-57f2-a7f8-9dbce56b887b"
    }
  },
  {
    "model": "wagtailcore.referenceindex",
    "pk": 6,
    "fields": {
      "content_type": 60,
      "base_content_type": 1,
      "object_id": "3",
      "to_content_type": 2,
      "to_object_id": "2",
      "model_path": "uses_image.image.image_uses",
      "content_path": "uses_image.f3d94a4a-fe17-4022-b0d0-ff88586411b8.image_uses",
      "content_path_hash": "799b140c-cc35-527f-8843-574ba451d532"
    }
  },
  {
    "model": "wagtailcore.referenceindex",
    "pk": 7,
    "fields": {
      "content_type": 60,
      "base_content_type": 1,
      "object_id": "3",
      "to_content_type": 2,
      "to_object_id": "2",
      "model_path": "uses_image.image.image_uses",
      "content_path": "uses_image.e6680f25-5808-4811-bdc6-c02c21707162.image_uses",
      "content_path_hash": "36730304-f9e1-5c8a-af04-72e9a99eeb14"
    }
  },
  {
    "model": "wagtailcore.referenceindex",
    "pk": 8,
    "fields": {
      "content_type": 60,
      "base_content_type": 1,
      "object_id": "3",
      "to_content_type": 2,
      "to_object_id": "2",
      "model_path": "uses_image.image.image_uses",
      "content_path": "uses_image.52c44a6e-7a81-4da4-b991-b3668be50973.image_uses",
      "content_path_hash": "d454dd72-d28f-56bb-ace0-3d126dcdc472"
    }
  },
  {
    "model": "wagtailcore.referenceindex",
    "pk": 9,
    "fields": {
      "content_type": 60,
      "base_content_type": 1,
      "object_id": "3",
      "to_content_type": 2,
      "to_object_id": "2",
      "model_path": "uses_image.image.image_uses",
      "content_path": "uses_image.ac6e1096-32b9-4cc8-843b-0360d175c6f9.image_uses",
      "content_path_hash": "d55fccc6-a366-5eaa-9a58-ded08446862e"
    }
  },
  {
    "model": "wagtailcore.referenceindex",
    "pk": 10,
    "fields": {
      "content_type": 60,
      "base_content_type": 1,
      "object_id": "3",
      "to_content_type": 2,
      "to_object_id": "1",
      "model_path": "hero_image",
      "content_path": "hero_image",
      "content_path_hash": "2960929c-7feb-5d2b-8541-ed36105c53fd"
    }
  },
  {
    "model": "wagtailcore.referenceindex",
    "pk": 11,
    "fields": {
      "content_type": 60,
      "base_content_type": 1,
      "object_id": "3",
      "to_content_type": 2,
      "to_object_id": "2",
      "model_path": "uses_image.image.image_uses",
      "content_path": "uses_image.1a6c2317-ec39-4e22-a2df-d13a6de3fdb8.image_uses",
      "content_path_hash": "7e77b5f8-200f-5978-8afc-a7853342e26e"
    }
  },
  {
    "model": "wagtailcore.referenceindex",
    "pk": 12,
    "fields": {
      "content_type": 60,
      "base_content_type": 1,
      "object_id": "3",
      "to_content_type": 2,
      "to_object_id": "4",
      "model_path": "about_image_2",
      "content_path": "about_image_2",
      "content_path_hash": "82f33ee2-5579-5a9b-8d01-d06db1a6cbe8"
    }
  },
  {
    "model": "wagtailcore.referenceindex",
    "pk": 13,
    "fields": {
      "content_type": 60,
      "base_content_type": 1,
      "object_id": "3",
      "to_content_type": 2,
      "to_object_id": "2",
      "model_path": "uses_image.image.image_uses",
      "content_path": "uses_image.29712dc4-ec01-4693-9743-0fd81c72d2fc.image_uses",
      "content_path_hash": "8a3c66ea-4d0b-5ccd-925f-4815aa4843b6"
    }
  },
  {
    "model": "wagtailcore.referenceindex",
    "pk": 14,
    "fields": {
      "content_type": 60,
      "base_content_type": 1,
      "object_id": "3",
      "to_content_type": 2,
      "to_object_id": "3",
      "model_path": "about_image_1",
      "content_path": "about_image_1",
      "content_path_hash": "56157aa0-4a29-53c1-afcb-0340b5fa1265"
    }
  },
  {
    "model": "wagtailcore.referenceindex",
    "pk": 15,
    "fields": {
      "content_type": 60,
      "base_content_type": 1,
      "object_id": "3",
      "to_content_type": 2,
      "to_object_id": "2",
      "model_path": "uses_image.image.image_uses",
      "content_path": "uses_image.fd3c9d94-db54-4eb6-8c21-157c1c954b4f.image_uses",
      "content_path_hash": "bb1b1811-c879-5d78-a53b-56f4b342ad62"
    }
  },
  {
    "model": "wagtailcore.referenceindex",
    "pk": 16,
    "fields": {
      "content_type": 60,
      "base_content_type": 1,
      "object_id": "3",
      "to_content_type": 2,
      "to_object_id": "5",
      "model_path": "about_image_3",
      "content_path": "about_image_3",
      "content_path_hash": "0d63348d-8c20-5ec7-949f-7c4cb036300f"
    }
  },
  {
    "model": "wagtailcore.referenceindex",
    "pk": 17,
    "fields": {
      "content_type": 2,
      "base_content_type": 2,
      "object_id": "6",
      "to_content_type": 8,
      "to_object_id": "1",
      "model_path": "collection",
      "content_path": "collection",
      "content_path_hash": "b40b1263-e929-57f2-a7f8-9dbce56b887b"
    }
  },
  {
    "model": "wagtailcore.referenceindex",
    "pk": 18,
    "fields": {
      "content_type": 38,
      "base_content_type": 38,
      "object_id": "1",
      "to_content_type": 2,
      "to_object_id": "6",
      "model_path": "images_cards",
      "content_path": "images_cards",
      "content_path_hash": "50f5d269-edbe-5e17-9972-b6eea2042d7a"
    }
  },
  {
    "model": "wagtailcore.referenceindex",
    "pk": 19,
    "fields": {
      "content_type": 2,
      "base_content_type": 2,
      "object_id": "7",
      "to_content_type": 8,
      "to_object_id": "1",
      "model_path": "collection",
      "content_path": "collection",
      "content_path_hash": "b40b1263-e929-57f2-a7f8-9dbce56b887b"
    }
  },
  {
    "model": "wagtailcore.referenceindex",
    "pk": 20,
    "fields": {
      "content_type": 38,
      "base_content_type": 38,
      "object_id": "2",
      "to_content_type": 2,
      "to_object_id": "7",
      "model_path": "images_cards",
      "content_path": "images_cards",
      "content_path_hash": "50f5d269-edbe-5e17-9972-b6eea2042d7a"
    }
  },
  {
    "model": "wagtailcore.referenceindex",
    "pk": 21,
    "fields": {
      "content_type": 2,
      "base_content_type": 2,
      "object_id": "8",
      "to_content_type": 8,
      "to_object_id": "1",
      "model_path": "collection",
      "content_path": "collection",
      "content_path_hash": "b40b1263-e929-57f2-a7f8-9dbce56b887b"
    }
  },
  {
    "model": "wagtailcore.referenceindex",
    "pk": 22,
    "fields": {
      "content_type": 38,
      "base_content_type": 38,
      "object_id": "3",
      "to_content_type": 2,
      "to_object_id": "8",
      "model_path": "images_cards",
      "content_path": "images_cards",
      "content_path_hash": "50f5d269-edbe-5e17-9972-b6eea2042d7a"
    }
  },
  {
    "model": "wagtailcore.referenceindex",
    "pk": 23,
    "fields": {
      "content_type": 2,
      "base_content_type": 2,
      "object_id": "9",
      "to_content_type": 8,
      "to_object_id": "1",
      "model_path": "collection",
      "content_path": "collection",
      "content_path_hash": "b40b1263-e929-57f2-a7f8-9dbce56b887b"
    }
  },
  {
    "model": "wagtailcore.referenceindex",
    "pk": 24,
    "fields": {
      "content_type": 38,
      "base_content_type": 38,
      "object_id": "4",
      "to_content_type": 2,
      "to_object_id": "9",
      "model_path": "images_cards",
      "content_path": "images_cards",
      "content_path_hash": "50f5d269-edbe-5e17-9972-b6eea2042d7a"
    }
  },
  {
    "model": "wagtailcore.referenceindex",
    "pk": 25,
    "fields": {
      "content_type": 2,
      "base_content_type": 2,
      "object_id": "10",
      "to_content_type": 8,
      "to_object_id": "1",
      "model_path": "collection",
      "content_path": "collection",
      "content_path_hash": "b40b1263-e929-57f2-a7f8-9dbce56b887b"
    }
  },
  {
    "model": "wagtailcore.referenceindex",
    "pk": 26,
    "fields": {
      "content_type": 38,
      "base_content_type": 38,
      "object_id": "5",
      "to_content_type": 2,
      "to_object_id": "10",
      "model_path": "images_cards",
      "content_path": "images_cards",
      "content_path_hash": "50f5d269-edbe-5e17-9972-b6eea2042d7a"
    }
  },
  {
    "model": "wagtailcore.referenceindex",
    "pk": 27,
    "fields": {
      "content_type": 2,
      "base_content_type": 2,
      "object_id": "11",
      "to_content_type": 8,
      "to_object_id": "1",
      "model_path": "collection",
      "content_path": "collection",
      "content_path_hash": "b40b1263-e929-57f2-a7f8-9dbce56b887b"
    }
  },
  {
    "model": "wagtailcore.referenceindex",
    "pk": 28,
    "fields": {
      "content_type": 38,
      "base_content_type": 38,
      "object_id": "6",
      "to_content_type": 2,
      "to_object_id": "11",
      "model_path": "images_cards",
      "content_path": "images_cards",
      "content_path_hash": "50f5d269-edbe-5e17-9972-b6eea2042d7a"
    }
  },
  {
    "model": "wagtailcore.referenceindex",
    "pk": 29,
    "fields": {
      "content_type": 2,
      "base_content_type": 2,
      "object_id": "12",
      "to_content_type": 8,
      "to_object_id": "1",
      "model_path": "collection",
      "content_path": "collection",
      "content_path_hash": "b40b1263-e929-57f2-a7f8-9dbce56b887b"
    }
  },
  {
    "model": "wagtailcore.referenceindex",
    "pk": 30,
    "fields": {
      "content_type": 38,
      "base_content_type": 38,
      "object_id": "7",
      "to_content_type": 2,
      "to_object_id": "12",
      "model_path": "images_cards",
      "content_path": "images_cards",
      "content_path_hash": "50f5d269-edbe-5e17-9972-b6eea2042d7a"
    }
  },
  {
    "model": "wagtailcore.referenceindex",
    "pk": 31,
    "fields": {
      "content_type": 2,
      "base_content_type": 2,
      "object_id": "13",
      "to_content_type": 8,
      "to_object_id": "1",
      "model_path": "collection",
      "content_path": "collection",
      "content_path_hash": "b40b1263-e929-57f2-a7f8-9dbce56b887b"
    }
  },
  {
    "model": "wagtailcore.referenceindex",
    "pk": 32,
    "fields": {
      "content_type": 2,
      "base_content_type": 2,
      "object_id": "14",
      "to_content_type": 8,
      "to_object_id": "1",
      "model_path": "collection",
      "content_path": "collection",
      "content_path_hash": "b40b1263-e929-57f2-a7f8-9dbce56b887b"
    }
  },
  {
    "model": "wagtailcore.referenceindex",
    "pk": 33,
    "fields": {
      "content_type": 38,
      "base_content_type": 38,
      "object_id": "8",
      "to_content_type": 2,
      "to_object_id": "14",
      "model_path": "images_cards",
      "content_path": "images_cards",
      "content_path_hash": "50f5d269-edbe-5e17-9972-b6eea2042d7a"
    }
  },
  {
    "model": "wagtailcore.referenceindex",
    "pk": 34,
    "fields": {
      "content_type": 2,
      "base_content_type": 2,
      "object_id": "15",
      "to_content_type": 8,
      "to_object_id": "1",
      "model_path": "collection",
      "content_path": "collection",
      "content_path_hash": "b40b1263-e929-57f2-a7f8-9dbce56b887b"
    }
  },
  {
    "model": "wagtailcore.referenceindex",
    "pk": 35,
    "fields": {
      "content_type": 38,
      "base_content_type": 38,
      "object_id": "9",
      "to_content_type": 2,
      "to_object_id": "15",
      "model_path": "images_cards",
      "content_path": "images_cards",
      "content_path_hash": "50f5d269-edbe-5e17-9972-b6eea2042d7a"
    }
  },
  {
    "model": "wagtailcore.referenceindex",
    "pk": 36,
    "fields": {
      "content_type": 2,
      "base_content_type": 2,
      "object_id": "16",
      "to_content_type": 8,
      "to_object_id": "1",
      "model_path": "collection",
      "content_path": "collection",
      "content_path_hash": "b40b1263-e929-57f2-a7f8-9dbce56b887b"
    }
  },
  {
    "model": "wagtailcore.referenceindex",
    "pk": 37,
    "fields": {
      "content_type": 39,
      "base_content_type": 39,
      "object_id": "1",
      "to_content_type": 2,
      "to_object_id": "16",
      "model_path": "information_image",
      "content_path": "information_image",
      "content_path_hash": "8a9730b6-ef20-566b-a446-12b7b8427b72"
    }
  },
  {
    "model": "wagtailcore.referenceindex",
    "pk": 38,
    "fields": {
      "content_type": 2,
      "base_content_type": 2,
      "object_id": "17",
      "to_content_type": 8,
      "to_object_id": "1",
      "model_path": "collection",
      "content_path": "collection",
      "content_path_hash": "b40b1263-e929-57f2-a7f8-9dbce56b887b"
    }
  },
  {
    "model": "wagtailcore.referenceindex",
    "pk": 39,
    "fields": {
      "content_type": 39,
      "base_content_type": 39,
      "object_id": "2",
      "to_content_type": 2,
      "to_object_id": "17",
      "model_path": "information_image",
      "content_path": "information_image",
      "content_path_hash": "8a9730b6-ef20-566b-a446-12b7b8427b72"
    }
  },
  {
    "model": "wagtailcore.referenceindex",
    "pk": 40,
    "fields": {
      "content_type": 60,
      "base_content_type": 1,
      "object_id": "3",
      "to_content_type": 38,
      "to_object_id": "5",
      "model_path": "review_home.item.review_card",
      "content_path": "review_home.1.review_card",
      "content_path_hash": "ae88e83b-9b12-5872-a72e-f4c500d3c855"
    }
  },
  {
    "model": "wagtailcore.referenceindex",
    "pk": 43,
    "fields": {
      "content_type": 60,
      "base_content_type": 1,
      "object_id": "3",
      "to_content_type": 38,
      "to_object_id": "5",
      "model_path": "review_home.item.review_card",
      "content_path": "review_home.2.review_card",
      "content_path_hash": "ec3cf851-f272-5395-ba26-ac7fc42aca1e"
    }
  },
  {
    "model": "wagtailcore.referenceindex",
    "pk": 44,
    "fields": {
      "content_type": 60,
      "base_content_type": 1,
      "object_id": "3",
      "to_content_type": 38,
      "to_object_id": "6",
      "model_path": "review_home.item.review_card",
      "content_path": "review_home.3.review_card",
      "content_path_hash": "f49e64ad-7c3a-5fd6-ae95-d5ae5b23ea15"
    }
  },
  {
    "model": "wagtailcore.referenceindex",
    "pk": 45,
    "fields": {
      "content_type": 60,
      "base_content_type": 1,
      "object_id": "3",
      "to_content_type": 38,
      "to_object_id": "5",
      "model_path": "review_home.item.review_card",
      "content_path": "review_home.4.review_card",
      "content_path_hash": "c15f1eef-2e07-59e5-83e4-27a208b7f498"
    }
  },
  {
    "model": "wagtailcore.referenceindex",
    "pk": 46,
    "fields": {
      "content_type": 60,
      "base_content_type": 1,
      "object_id": "3",
      "to_content_type": 38,
      "to_object_id": "6",
      "model_path": "review_home.item.review_card",
      "content_path": "review_home.5.review_card",
      "content_path_hash": "596264a8-19e9-5d3f-975c-c38513551d33"
    }
  },
  {
    "model": "wagtailcore.referenceindex",
    "pk": 47,
    "fields": {
      "content_type": 60,
      "base_content_type": 1,
      "object_id": "3",
      "to_content_type": 38,
      "to_object_id": "6",
      "model_path": "review_home.item.review_card",
      "content_path": "review_home.6.review_card",
      "content_path_hash": "ef511f4e-08e6-5b02-93be-2b8bb0cbcf60"
    }
  },
  {
    "model": "wagtailcore.referenceindex",
    "pk": 48,
    "fields": {
      "content_type": 60,
      "base_content_type": 1,
      "object_id": "3",
      "to_content_type": 38,
      "to_object_id": "6",
      "model_path": "review_home.item.review_card",
      "content_path": "review_home.7.review_card",
      "content_path_hash": "d1c95940-5130-5c8d-81cd-29b3642e3cd4"
    }
  },
  {
    "model": "wagtailcore.referenceindex",
    "pk": 49,
    "fields": {
      "content_type": 60,
      "base_content_type": 1,
      "object_id": "3",
      "to_content_type": 2,
      "to_object_id": "2",
      "model_path": "uses_image.image.image_uses",
      "content_path": "uses_image.1a224bf1-4a5f-4e03-be75-339626a4c320.image_uses",
      "content_path_hash": "df7b5852-653e-5a4c-87a9-abbf2b27b861"
    }
  },
  {
    "model": "wagtailcore.referenceindex",
    "pk": 50,
    "fields": {
      "content_type": 60,
      "base_content_type": 1,
      "object_id": "3",
      "to_content_type": 2,
      "to_object_id": "2",
      "model_path": "uses_image.image.image_uses",
      "content_path": "uses_image.89379c39-684a-49d2-9c38-d15d63a31ee9.image_uses",
      "content_path_hash": "9955ffa0-16ea-5731-b9a0-1ac8d7235857"
    }
  },
  {
    "model": "wagtailcore.referenceindex",
    "pk": 51,
    "fields": {
      "content_type": 60,
      "base_content_type": 1,
      "object_id": "3",
      "to_content_type": 2,
      "to_object_id": "2",
      "model_path": "uses_image.image.image_uses",
      "content_path": "uses_image.bf9ecb04-c40d-495f-9316-bc3c15feaf89.image_uses",
      "content_path_hash": "3a0039e6-fe50-5640-aba1-615ddccf01c0"
    }
  },
  {
    "model": "wagtailcore.referenceindex",
    "pk": 52,
    "fields": {
      "content_type": 2,
      "base_content_type": 2,
      "object_id": "18",
      "to_content_type": 8,
      "to_object_id": "1",
      "model_path": "collection",
      "content_path": "collection",
      "content_path_hash": "b40b1263-e929-57f2-a7f8-9dbce56b887b"
    }
  },
  {
    "model": "wagtailcore.page",
    "pk": 1,
    "fields": {
      "path": "0001",
      "depth": 1,
      "numchild": 1,
      "translation_key": "56c13daa-b3d6-4d10-a861-0b43f1ee0a32",
      "locale": 1,
      "latest_revision": null,
      "live": true,
      "has_unpublished_changes": false,
      "first_published_at": null,
      "last_published_at": null,
      "live_revision": null,
      "go_live_at": null,
      "expire_at": null,
      "expired": false,
      "locked": false,
      "locked_at": null,
      "locked_by": null,
      "title": "Root",
      "draft_title": "Root",
      "slug": "root",
      "content_type": 1,
      "url_path": "/",
      "owner": null,
      "seo_title": "",
      "show_in_menus": false,
      "search_description": "",
      "latest_revision_created_at": null,
      "alias_of": null
    }
  },
  {
    "model": "wagtailcore.page",
    "pk": 3,
    "fields": {
      "path": "00010001",
      "depth": 2,
      "numchild": 0,
      "translation_key": "c3a432f6-1183-4cbb-8d2d-6409bb897a78",
      "locale": 1,
      "latest_revision": 4,
      "live": true,
      "has_unpublished_changes": false,
      "first_published_at": "2023-11-23T10:37:03.495Z",
      "last_published_at": "2023-12-22T16:29:15.607Z",
      "live_revision": 4,
      "go_live_at": null,
      "expire_at": null,
      "expired": false,
      "locked": false,
      "locked_at": null,
      "locked_by": null,
      "title": "Home",
      "draft_title": "Home",
      "slug": "home",
      "content_type": 60,
      "url_path": "/home/",
      "owner": 1,
      "seo_title": "",
      "show_in_menus": false,
      "search_description": "",
      "latest_revision_created_at": "2023-12-22T16:29:15.036Z",
      "alias_of": null
    }
  },
  {
    "model": "wagtailcore.revision",
    "pk": 1,
    "fields": {
      "content_type": 60,
      "base_content_type": 1,
      "object_id": "3",
      "submitted_for_moderation": false,
      "created_at": "2023-11-23T10:37:03.420Z",
      "user": 1,
      "object_str": "Home",
      "content": {
        "pk": 3,
        "faqs": [],
        "live": true,
        "path": "00010001",
        "slug": "home",
        "depth": 2,
        "owner": 1,
        "title": "Home",
        "locale": 1,
        "locked": false,
        "expired": false,
        "alias_of": null,
        "numchild": 0,
        "url_path": "/home/",
        "expire_at": null,
        "locked_at": null,
        "locked_by": null,
        "seo_title": "",
        "faqs_title": null,
        "go_live_at": null,
        "hero_image": 1,
        "hero_title": "Agilize os seus oramentos",
        "uses_image": "[{\"type\": \"image\", \"value\": {\"image_uses\": 2, \"url_uses\": \"https://obrascompinta.pt\"}, \"id\": \"29712dc4-ec01-4693-9743-0fd81c72d2fc\"}, {\"type\": \"image\", \"value\": {\"image_uses\": 2, \"url_uses\": \"https://obrascompinta.pt\"}, \"id\": \"52c44a6e-7a81-4da4-b991-b3668be50973\"}, {\"type\": \"image\", \"value\": {\"image_uses\": 2, \"url_uses\": \"https://obrascompinta.pt\"}, \"id\": \"fd3c9d94-db54-4eb6-8c21-157c1c954b4f\"}, {\"type\": \"image\", \"value\": {\"image_uses\": 2, \"url_uses\": \"https://obrascompinta.pt\"}, \"id\": \"1a6c2317-ec39-4e22-a2df-d13a6de3fdb8\"}, {\"type\": \"image\", \"value\": {\"image_uses\": 2, \"url_uses\": \"https://obrascompinta.pt\"}, \"id\": \"ac6e1096-32b9-4cc8-843b-0360d175c6f9\"}, {\"type\": \"image\", \"value\": {\"image_uses\": 2, \"url_uses\": \"https://obrascompinta.pt\"}, \"id\": \"e6680f25-5808-4811-bdc6-c02c21707162\"}, {\"type\": \"image\", \"value\": {\"image_uses\": 2, \"url_uses\": \"https://obrascompinta.pt\"}, \"id\": \"f3d94a4a-fe17-4022-b0d0-ff88586411b8\"}]",
        "uses_title": "10+ empresas usam o AsyQuote",
        "draft_title": "Home",
        "review_home": [
          {
            "pk": 1,
            "page": 3,
            "sort_order": 0,
            "title_card": "O AsyQuote mudou a minha vida",
            "review_card": null,
            "paragraph_card": "Estou impressionado com a eficincia desta ferramenta. Desde que comecei a us-la, a minha empresa viu um aumento notvel na produtividade e na preciso dos nossos oramentos. A plataforma  incrivelmente intuitiva e economizou horas de trabalho manual. Alm disso, o suporte ao cliente  excepcional. Definitivamente, uma escolha inteligente para qualquer empresa de construo!",
            "letters_circle_card": "GS",
            "name_of_the_person_card": "Gonalo S.",
            "function_of_the_person_card": "Estagirio"
          }
        ],
        "action_title": null,
        "content_type": 60,
        "review_title": "Descubra o porqu dos nossos clientes gostarem de ns",
        "about_image_1": 3,
        "about_image_2": 4,
        "about_image_3": 5,
        "about_title_1": "Aumente a sua produtividade",
        "about_title_2": "Preciso e consistncia",
        "about_title_3": "Acesso rpido a dados cruciais",
        "live_revision": null,
        "show_in_menus": false,
        "action_benefit": null,
        "hero_paragraph": "<p data-block-key=\"17mqy\">Descubra como podemos otimizar o processo de oramentao para o seu negcio de construo.</p>",
        "latest_revision": null,
        "translation_key": "c3a432f6-1183-4cbb-8d2d-6409bb897a78",
        "about_paragraph_1": "O AsyQuote  pode produzir mais oramentos em menos tempo, permitindo que a sua empresa se concentre em projetos reais em vez de tarefas administrativas. Maximize a produtividade e veja o seu negcio crescer.",
        "about_paragraph_2": "Garanta a preciso e consistncia em todos os seus oramentos. O Asyquote elimina erros humanos e padroniza o processo de oramentao, garantindo que cada oramento atenda aos mais altos padres de qualidade.",
        "about_paragraph_3": "Tenha acesso instantneo a dados  de custos, materiais e mo de obra. Com o AsyQuote, voc pode tomar decises informadas em tempo real, adaptando-se s mudanas do mercado.",
        "last_published_at": null,
        "first_published_at": null,
        "search_description": "",
        "wagtail_admin_comments": [],
        "has_unpublished_changes": false,
        "latest_revision_created_at": null
      },
      "approved_go_live_at": null
    }
  },
  {
    "model": "wagtailcore.revision",
    "pk": 2,
    "fields": {
      "content_type": 60,
      "base_content_type": 1,
      "object_id": "3",
      "submitted_for_moderation": false,
      "created_at": "2023-11-23T10:59:48.027Z",
      "user": 1,
      "object_str": "Home",
      "content": {
        "pk": 3,
        "faqs": [
          {
            "pk": null,
            "page": 3,
            "answer": "Pode criar um oramento atravs do nosso criador de oramentos. Neste, poder definir o produto, quantidades,margens de lucro  e at descontos no produto.",
            "href_url": null,
            "question": "Como posso criar um oramento?",
            "text_href": null,
            "sort_order": 0
          },
          {
            "pk": null,
            "page": 3,
            "answer": "Para participar na fase beta, tem que se inscrever no processo de seleo.  Embora as vagas sejam limitadas, encorajamos todos a se candidatarem, pois valorizamos a contribuio de todos.",
            "href_url": "http://localhost:3000/aceder-beta/",
            "question": "Como posso participar na fase beta",
            "text_href": "Entre j na fase Beta",
            "sort_order": 1
          },
          {
            "pk": null,
            "page": 3,
            "answer": "Como o AsyQuote encontra-se ainda em fase beta, decidimos que a melhor maneira de atrair mais usurios e melhorar a ferramenta,   deixar a ferramenta grtis para todos.",
            "href_url": null,
            "question": "Qual  preo da ferramenta?",
            "text_href": null,
            "sort_order": 2
          },
          {
            "pk": null,
            "page": 3,
            "answer": "Sim o oramento  costumizvel, pode mudar o logo, os preos, as margens. Alm disso, no final tem uma seco de notas aonde pode escrever o que quiser.",
            "href_url": null,
            "question": "O oramento  costumizvel?",
            "text_href": null,
            "sort_order": 3
          }
        ],
        "live": true,
        "path": "00010001",
        "slug": "home",
        "depth": 2,
        "owner": 1,
        "title": "Home",
        "locale": 1,
        "locked": false,
        "expired": false,
        "alias_of": null,
        "numchild": 0,
        "url_path": "/home/",
        "expire_at": null,
        "locked_at": null,
        "locked_by": null,
        "seo_title": "",
        "faqs_title": "Perguntas frequentes",
        "go_live_at": null,
        "hero_image": 1,
        "hero_title": "Agilize os seus oramentos",
        "uses_image": "[{\"type\": \"image\", \"value\": {\"image_uses\": 2, \"url_uses\": \"https://obrascompinta.pt\"}, \"id\": \"29712dc4-ec01-4693-9743-0fd81c72d2fc\"}, {\"type\": \"image\", \"value\": {\"image_uses\": 2, \"url_uses\": \"https://obrascompinta.pt\"}, \"id\": \"52c44a6e-7a81-4da4-b991-b3668be50973\"}, {\"type\": \"image\", \"value\": {\"image_uses\": 2, \"url_uses\": \"https://obrascompinta.pt\"}, \"id\": \"fd3c9d94-db54-4eb6-8c21-157c1c954b4f\"}, {\"type\": \"image\", \"value\": {\"image_uses\": 2, \"url_uses\": \"https://obrascompinta.pt\"}, \"id\": \"1a6c2317-ec39-4e22-a2df-d13a6de3fdb8\"}, {\"type\": \"image\", \"value\": {\"image_uses\": 2, \"url_uses\": \"https://obrascompinta.pt\"}, \"id\": \"ac6e1096-32b9-4cc8-843b-0360d175c6f9\"}, {\"type\": \"image\", \"value\": {\"image_uses\": 2, \"url_uses\": \"https://obrascompinta.pt\"}, \"id\": \"e6680f25-5808-4811-bdc6-c02c21707162\"}, {\"type\": \"image\", \"value\": {\"image_uses\": 2, \"url_uses\": \"https://obrascompinta.pt\"}, \"id\": \"f3d94a4a-fe17-4022-b0d0-ff88586411b8\"}]",
        "uses_title": "10+ empresas usam o AsyQuote",
        "draft_title": "Home",
        "review_home": [
          {
            "pk": 1,
            "page": 3,
            "sort_order": 0,
            "title_card": "O AsyQuote mudou a minha vida",
            "review_card": 5,
            "paragraph_card": "Estou impressionado com a eficincia desta ferramenta. Desde que comecei a us-la, a minha empresa viu um aumento notvel na produtividade e na preciso dos nossos oramentos. A plataforma  incrivelmente intuitiva e economizou horas de trabalho manual. Alm disso, o suporte ao cliente  excepcional. Definitivamente, uma escolha inteligente para qualquer empresa de construo!",
            "letters_circle_card": "GS",
            "name_of_the_person_card": "Gonalo S.",
            "function_of_the_person_card": "Estagirio"
          },
          {
            "pk": null,
            "page": 3,
            "sort_order": 1,
            "title_card": "Uma revoluo na oramentao",
            "review_card": 5,
            "paragraph_card": "O AsyQuote provou ser uma verdadeira revoluo para o nosso processo de oramentao. Desde a implementao, a nossa eficincia disparou, proporcionando uma melhoria significativa na preciso e rapidez na criao de oramentos. A interface intuitiva facilitou a transio, e o suporte ao cliente atencioso solidificou nossa confiana na ferramenta. Recomendo a todas as empresas que buscam aprimorar sua abordagem oramental.",
            "letters_circle_card": "SO",
            "name_of_the_person_card": "Sofia O.",
            "function_of_the_person_card": "Diretora Financeira"
          },
          {
            "pk": null,
            "page": 3,
            "sort_order": 2,
            "title_card": "Eficincia Elevada com AsyQuote",
            "review_card": 6,
            "paragraph_card": "Testar o AsyQuote foi uma jogada estratgica para a nossa empresa. A eficincia que ganhamos desde ento  notvel. Os processos de oramentao tornaram-se mais geis, economizando tempo valioso. A plataforma  amigvel, e o suporte ao cliente, exemplar. Como gestor, essa ferramenta se tornou um aliado indispensvel no dia a dia.",
            "letters_circle_card": "PS",
            "name_of_the_person_card": "Pedro S.",
            "function_of_the_person_card": "Gerente de Projetos"
          },
          {
            "pk": null,
            "page": 3,
            "sort_order": 3,
            "title_card": "A Chave da Nossa Competitividade",
            "review_card": 5,
            "paragraph_card": "Adotar o AsyQuote foi a chave para mantermos a competitividade no mercado. A facilidade na criao de oramentos e a agilidade proporcionada so inestimveis. A equipe por trs da plataforma  extremamente dedicada, oferecendo um suporte que vai alm das expectativas. Uma ferramenta indispensvel para qualquer empresa que busca se destacar.",
            "letters_circle_card": "MC",
            "name_of_the_person_card": "Marta C.",
            "function_of_the_person_card": "CEO"
          },
          {
            "pk": null,
            "page": 3,
            "sort_order": 4,
            "title_card": "Transformao Digital com AsyQuote",
            "review_card": 6,
            "paragraph_card": "A transformao digital  essencial nos dias de hoje, e o AsyQuote foi o catalisador para a nossa empresa. Desde que implementamos essa ferramenta, notamos uma mudana significativa na eficincia operacional. A simplicidade na criao de oramentos e o suporte tcnico impecvel fizeram dessa transio uma experincia suave e bem-sucedida.",
            "letters_circle_card": "DM",
            "name_of_the_person_card": "Diogo M.",
            "function_of_the_person_card": "Analista de Sistemas"
          },
          {
            "pk": null,
            "page": 3,
            "sort_order": 5,
            "title_card": "AsyQuote: Superando expectativas",
            "review_card": 6,
            "paragraph_card": "O AsyQuote superou todas as nossas expectativas. A facilidade de uso  surpreendente, e a rapidez na criao de oramentos proporcionou uma vantagem competitiva. O suporte ao cliente  gil e eficaz, demonstrando um comprometimento notvel.",
            "letters_circle_card": "IS",
            "name_of_the_person_card": "Ins S.",
            "function_of_the_person_card": "Coordenadora de Vendas"
          },
          {
            "pk": null,
            "page": 3,
            "sort_order": 6,
            "title_card": "Eficincia e inovao com AsyQuote",
            "review_card": 6,
            "paragraph_card": "Experimentar o AsyQuote foi um divisor de guas para a nossa empresa. A eficincia operacional aumentou substancialmente, e a inovao na abordagem oramental  evidente. A interface amigvel tornou a transio suave, e o suporte ao cliente dedicado reforou nossa confiana na ferramenta. Recomendo sem reservas.",
            "letters_circle_card": "MP",
            "name_of_the_person_card": "Miguel P.",
            "function_of_the_person_card": "Analista Financeiro"
          }
        ],
        "action_title": "Comee a usar o AsyQuote hoje",
        "content_type": 60,
        "review_title": "Descubra o porqu dos nossos clientes gostarem de ns",
        "about_image_1": 3,
        "about_image_2": 4,
        "about_image_3": 5,
        "about_title_1": "Aumente a sua produtividade",
        "about_title_2": "Preciso e consistncia",
        "about_title_3": "Acesso rpido a dados cruciais",
        "live_revision": 1,
        "show_in_menus": false,
        "action_benefit": " grtis",
        "hero_paragraph": "<p data-block-key=\"17mqy\">Descubra como podemos otimizar o processo de oramentao para o seu negcio de construo.</p>",
        "latest_revision": 1,
        "translation_key": "c3a432f6-1183-4cbb-8d2d-6409bb897a78",
        "about_paragraph_1": "O AsyQuote  pode produzir mais oramentos em menos tempo, permitindo que a sua empresa se concentre em projetos reais em vez de tarefas administrativas. Maximize a produtividade e veja o seu negcio crescer.",
        "about_paragraph_2": "Garanta a preciso e consistncia em todos os seus oramentos. O Asyquote elimina erros humanos e padroniza o processo de oramentao, garantindo que cada oramento atenda aos mais altos padres de qualidade.",
        "about_paragraph_3": "Tenha acesso instantneo a dados  de custos, materiais e mo de obra. Com o AsyQuote, voc pode tomar decises informadas em tempo real, adaptando-se s mudanas do mercado.",
        "last_published_at": "2023-11-23T10:37:03.495Z",
        "first_published_at": "2023-11-23T10:37:03.495Z",
        "search_description": "",
        "wagtail_admin_comments": [],
        "has_unpublished_changes": false,
        "latest_revision_created_at": "2023-11-23T10:37:03.420Z"
      },
      "approved_go_live_at": null
    }
  },
  {
    "model": "wagtailcore.revision",
    "pk": 3,
    "fields": {
      "content_type": 60,
      "base_content_type": 1,
      "object_id": "3",
      "submitted_for_moderation": false,
      "created_at": "2023-11-23T14:01:31.132Z",
      "user": 1,
      "object_str": "Home",
      "content": {
        "pk": 3,
        "faqs": [
          {
            "pk": 1,
            "page": 3,
            "answer": "Pode criar um oramento atravs do nosso criador de oramentos. Neste, poder definir o produto, quantidades,margens de lucro  e at descontos no produto.",
            "href_url": null,
            "question": "Como posso criar um oramento?",
            "text_href": null,
            "sort_order": 0
          },
          {
            "pk": 2,
            "page": 3,
            "answer": "Para participar na fase beta, tem que se inscrever no processo de seleo.  Embora as vagas sejam limitadas, encorajamos todos a se candidatarem, pois valorizamos a contribuio de todos.",
            "href_url": "http://localhost:3000/aceder-beta/",
            "question": "Como posso participar na fase beta",
            "text_href": "Entre j na fase Beta",
            "sort_order": 1
          },
          {
            "pk": 3,
            "page": 3,
            "answer": "Como o AsyQuote encontra-se ainda em fase beta, decidimos que a melhor maneira de atrair mais usurios e melhorar a ferramenta,   deixar a ferramenta grtis para todos.",
            "href_url": null,
            "question": "Qual  preo da ferramenta?",
            "text_href": null,
            "sort_order": 2
          },
          {
            "pk": 4,
            "page": 3,
            "answer": "Sim o oramento  costumizvel, pode mudar o logo, os preos, as margens. Alm disso, no final tem uma seco de notas aonde pode escrever o que quiser.",
            "href_url": null,
            "question": "O oramento  costumizvel?",
            "text_href": null,
            "sort_order": 3
          }
        ],
        "live": true,
        "path": "00010001",
        "slug": "home",
        "depth": 2,
        "owner": 1,
        "title": "Home",
        "locale": 1,
        "locked": false,
        "expired": false,
        "alias_of": null,
        "numchild": 0,
        "url_path": "/home/",
        "expire_at": null,
        "locked_at": null,
        "locked_by": null,
        "seo_title": "",
        "faqs_title": "Perguntas frequentes",
        "go_live_at": null,
        "hero_image": 1,
        "hero_title": "Agilize os seus oramentos",
        "uses_image": "[{\"type\": \"image\", \"value\": {\"image_uses\": 2, \"url_uses\": \"https://obrascompinta.pt\"}, \"id\": \"29712dc4-ec01-4693-9743-0fd81c72d2fc\"}, {\"type\": \"image\", \"value\": {\"image_uses\": 2, \"url_uses\": \"https://obrascompinta.pt\"}, \"id\": \"bf9ecb04-c40d-495f-9316-bc3c15feaf89\"}, {\"type\": \"image\", \"value\": {\"image_uses\": 2, \"url_uses\": \"https://obrascompinta.pt\"}, \"id\": \"89379c39-684a-49d2-9c38-d15d63a31ee9\"}, {\"type\": \"image\", \"value\": {\"image_uses\": 2, \"url_uses\": \"https://obrascompinta.pt\"}, \"id\": \"1a224bf1-4a5f-4e03-be75-339626a4c320\"}, {\"type\": \"image\", \"value\": {\"image_uses\": 2, \"url_uses\": \"https://obrascompinta.pt\"}, \"id\": \"52c44a6e-7a81-4da4-b991-b3668be50973\"}, {\"type\": \"image\", \"value\": {\"image_uses\": 2, \"url_uses\": \"https://obrascompinta.pt\"}, \"id\": \"fd3c9d94-db54-4eb6-8c21-157c1c954b4f\"}, {\"type\": \"image\", \"value\": {\"image_uses\": 2, \"url_uses\": \"https://obrascompinta.pt\"}, \"id\": \"1a6c2317-ec39-4e22-a2df-d13a6de3fdb8\"}, {\"type\": \"image\", \"value\": {\"image_uses\": 2, \"url_uses\": \"https://obrascompinta.pt\"}, \"id\": \"ac6e1096-32b9-4cc8-843b-0360d175c6f9\"}, {\"type\": \"image\", \"value\": {\"image_uses\": 2, \"url_uses\": \"https://obrascompinta.pt\"}, \"id\": \"e6680f25-5808-4811-bdc6-c02c21707162\"}, {\"type\": \"image\", \"value\": {\"image_uses\": 2, \"url_uses\": \"https://obrascompinta.pt\"}, \"id\": \"f3d94a4a-fe17-4022-b0d0-ff88586411b8\"}]",
        "uses_title": "10+ empresas usam o AsyQuote",
        "draft_title": "Home",
        "review_home": [
          {
            "pk": 1,
            "page": 3,
            "sort_order": 0,
            "title_card": "O AsyQuote mudou a minha vida",
            "review_card": 5,
            "paragraph_card": "Estou impressionado com a eficincia desta ferramenta. Desde que comecei a us-la, a minha empresa viu um aumento notvel na produtividade e na preciso dos nossos oramentos. A plataforma  incrivelmente intuitiva e economizou horas de trabalho manual. Alm disso, o suporte ao cliente  excepcional. Definitivamente, uma escolha inteligente para qualquer empresa de construo!",
            "letters_circle_card": "GS",
            "name_of_the_person_card": "Gonalo S.",
            "function_of_the_person_card": "Estagirio"
          },
          {
            "pk": 2,
            "page": 3,
            "sort_order": 1,
            "title_card": "Uma revoluo na oramentao",
            "review_card": 5,
            "paragraph_card": "O AsyQuote provou ser uma verdadeira revoluo para o nosso processo de oramentao. Desde a implementao, a nossa eficincia disparou, proporcionando uma melhoria significativa na preciso e rapidez na criao de oramentos. A interface intuitiva facilitou a transio, e o suporte ao cliente atencioso solidificou nossa confiana na ferramenta. Recomendo a todas as empresas que buscam aprimorar sua abordagem oramental.",
            "letters_circle_card": "SO",
            "name_of_the_person_card": "Sofia O.",
            "function_of_the_person_card": "Diretora Financeira"
          },
          {
            "pk": 3,
            "page": 3,
            "sort_order": 2,
            "title_card": "Eficincia Elevada com AsyQuote",
            "review_card": 6,
            "paragraph_card": "Testar o AsyQuote foi uma jogada estratgica para a nossa empresa. A eficincia que ganhamos desde ento  notvel. Os processos de oramentao tornaram-se mais geis, economizando tempo valioso. A plataforma  amigvel, e o suporte ao cliente, exemplar. Como gestor, essa ferramenta se tornou um aliado indispensvel no dia a dia.",
            "letters_circle_card": "PS",
            "name_of_the_person_card": "Pedro S.",
            "function_of_the_person_card": "Gerente de Projetos"
          },
          {
            "pk": 4,
            "page": 3,
            "sort_order": 3,
            "title_card": "A Chave da Nossa Competitividade",
            "review_card": 5,
            "paragraph_card": "Adotar o AsyQuote foi a chave para mantermos a competitividade no mercado. A facilidade na criao de oramentos e a agilidade proporcionada so inestimveis. A equipe por trs da plataforma  extremamente dedicada, oferecendo um suporte que vai alm das expectativas. Uma ferramenta indispensvel para qualquer empresa que busca se destacar.",
            "letters_circle_card": "MC",
            "name_of_the_person_card": "Marta C.",
            "function_of_the_person_card": "CEO"
          },
          {
            "pk": 5,
            "page": 3,
            "sort_order": 4,
            "title_card": "Transformao Digital com AsyQuote",
            "review_card": 6,
            "paragraph_card": "A transformao digital  essencial nos dias de hoje, e o AsyQuote foi o catalisador para a nossa empresa. Desde que implementamos essa ferramenta, notamos uma mudana significativa na eficincia operacional. A simplicidade na criao de oramentos e o suporte tcnico impecvel fizeram dessa transio uma experincia suave e bem-sucedida.",
            "letters_circle_card": "DM",
            "name_of_the_person_card": "Diogo M.",
            "function_of_the_person_card": "Analista de Sistemas"
          },
          {
            "pk": 6,
            "page": 3,
            "sort_order": 5,
            "title_card": "AsyQuote: Superando expectativas",
            "review_card": 6,
            "paragraph_card": "O AsyQuote superou todas as nossas expectativas. A facilidade de uso  surpreendente, e a rapidez na criao de oramentos proporcionou uma vantagem competitiva. O suporte ao cliente  gil e eficaz, demonstrando um comprometimento notvel.",
            "letters_circle_card": "IS",
            "name_of_the_person_card": "Ins S.",
            "function_of_the_person_card": "Coordenadora de Vendas"
          },
          {
            "pk": 7,
            "page": 3,
            "sort_order": 6,
            "title_card": "Eficincia e inovao com AsyQuote",
            "review_card": 6,
            "paragraph_card": "Experimentar o AsyQuote foi um divisor de guas para a nossa empresa. A eficincia operacional aumentou substancialmente, e a inovao na abordagem oramental  evidente. A interface amigvel tornou a transio suave, e o suporte ao cliente dedicado reforou nossa confiana na ferramenta. Recomendo sem reservas.",
            "letters_circle_card": "MP",
            "name_of_the_person_card": "Miguel P.",
            "function_of_the_person_card": "Analista Financeiro"
          }
        ],
        "action_title": "Comee a usar o AsyQuote hoje",
        "content_type": 60,
        "review_title": "Descubra o porqu dos nossos clientes gostarem de ns",
        "about_image_1": 3,
        "about_image_2": 4,
        "about_image_3": 5,
        "about_title_1": "Aumente a sua produtividade",
        "about_title_2": "Preciso e consistncia",
        "about_title_3": "Acesso rpido a dados cruciais",
        "live_revision": 2,
        "show_in_menus": false,
        "action_benefit": " grtis",
        "hero_paragraph": "<p data-block-key=\"17mqy\">Descubra como podemos otimizar o processo de oramentao para o seu negcio de construo.</p>",
        "latest_revision": 2,
        "translation_key": "c3a432f6-1183-4cbb-8d2d-6409bb897a78",
        "about_paragraph_1": "O AsyQuote  pode produzir mais oramentos em menos tempo, permitindo que a sua empresa se concentre em projetos reais em vez de tarefas administrativas. Maximize a produtividade e veja o seu negcio crescer.",
        "about_paragraph_2": "Garanta a preciso e consistncia em todos os seus oramentos. O Asyquote elimina erros humanos e padroniza o processo de oramentao, garantindo que cada oramento atenda aos mais altos padres de qualidade.",
        "about_paragraph_3": "Tenha acesso instantneo a dados  de custos, materiais e mo de obra. Com o AsyQuote, voc pode tomar decises informadas em tempo real, adaptando-se s mudanas do mercado.",
        "last_published_at": "2023-11-23T10:59:48.146Z",
        "first_published_at": "2023-11-23T10:37:03.495Z",
        "search_description": "",
        "wagtail_admin_comments": [],
        "has_unpublished_changes": false,
        "latest_revision_created_at": "2023-11-23T10:59:48.027Z"
      },
      "approved_go_live_at": null
    }
  },
  {
    "model": "wagtailcore.revision",
    "pk": 4,
    "fields": {
      "content_type": 60,
      "base_content_type": 1,
      "object_id": "3",
      "submitted_for_moderation": false,
      "created_at": "2023-12-22T16:29:15.036Z",
      "user": 1,
      "object_str": "Home",
      "content": {
        "pk": 3,
        "faqs": [
          {
            "pk": 1,
            "page": 3,
            "answer": "Pode criar um oramento atravs do nosso criador de oramentos. Neste, poder definir o produto, quantidades,margens de lucro  e at descontos no produto.",
            "href_url": null,
            "question": "Como posso criar um oramento?",
            "text_href": null,
            "sort_order": 0
          },
          {
            "pk": 2,
            "page": 3,
            "answer": "Para participar na fase beta, tem que se inscrever no processo de seleo.  Embora as vagas sejam limitadas, encorajamos todos a se candidatarem, pois valorizamos a contribuio de todos.",
            "href_url": "aceder-beta",
            "question": "Como posso participar na fase beta",
            "text_href": "Entre j na fase Beta",
            "sort_order": 1
          },
          {
            "pk": 3,
            "page": 3,
            "answer": "Como o AsyQuote encontra-se ainda em fase beta, decidimos que a melhor maneira de atrair mais usurios e melhorar a ferramenta,   deixar a ferramenta grtis para todos.",
            "href_url": null,
            "question": "Qual  preo da ferramenta?",
            "text_href": null,
            "sort_order": 2
          },
          {
            "pk": 4,
            "page": 3,
            "answer": "Sim o oramento  costumizvel, pode mudar o logo, os preos, as margens. Alm disso, no final tem uma seco de notas aonde pode escrever o que quiser.",
            "href_url": null,
            "question": "O oramento  costumizvel?",
            "text_href": null,
            "sort_order": 3
          }
        ],
        "live": true,
        "path": "00010001",
        "slug": "home",
        "depth": 2,
        "owner": 1,
        "title": "Home",
        "locale": 1,
        "locked": false,
        "expired": false,
        "alias_of": null,
        "numchild": 0,
        "url_path": "/home/",
        "expire_at": null,
        "locked_at": null,
        "locked_by": null,
        "seo_title": "",
        "faqs_title": "Perguntas frequentes",
        "go_live_at": null,
        "hero_image": 1,
        "hero_title": "Agilize os seus oramentos",
        "uses_image": "[{\"type\": \"image\", \"value\": {\"image_uses\": 2, \"url_uses\": \"https://obrascompinta.pt\"}, \"id\": \"29712dc4-ec01-4693-9743-0fd81c72d2fc\"}, {\"type\": \"image\", \"value\": {\"image_uses\": 2, \"url_uses\": \"https://obrascompinta.pt\"}, \"id\": \"bf9ecb04-c40d-495f-9316-bc3c15feaf89\"}, {\"type\": \"image\", \"value\": {\"image_uses\": 2, \"url_uses\": \"https://obrascompinta.pt\"}, \"id\": \"89379c39-684a-49d2-9c38-d15d63a31ee9\"}, {\"type\": \"image\", \"value\": {\"image_uses\": 2, \"url_uses\": \"https://obrascompinta.pt\"}, \"id\": \"1a224bf1-4a5f-4e03-be75-339626a4c320\"}, {\"type\": \"image\", \"value\": {\"image_uses\": 2, \"url_uses\": \"https://obrascompinta.pt\"}, \"id\": \"52c44a6e-7a81-4da4-b991-b3668be50973\"}, {\"type\": \"image\", \"value\": {\"image_uses\": 2, \"url_uses\": \"https://obrascompinta.pt\"}, \"id\": \"fd3c9d94-db54-4eb6-8c21-157c1c954b4f\"}, {\"type\": \"image\", \"value\": {\"image_uses\": 2, \"url_uses\": \"https://obrascompinta.pt\"}, \"id\": \"1a6c2317-ec39-4e22-a2df-d13a6de3fdb8\"}, {\"type\": \"image\", \"value\": {\"image_uses\": 2, \"url_uses\": \"https://obrascompinta.pt\"}, \"id\": \"ac6e1096-32b9-4cc8-843b-0360d175c6f9\"}, {\"type\": \"image\", \"value\": {\"image_uses\": 2, \"url_uses\": \"https://obrascompinta.pt\"}, \"id\": \"e6680f25-5808-4811-bdc6-c02c21707162\"}, {\"type\": \"image\", \"value\": {\"image_uses\": 2, \"url_uses\": \"https://obrascompinta.pt\"}, \"id\": \"f3d94a4a-fe17-4022-b0d0-ff88586411b8\"}]",
        "uses_title": "10+ empresas usam o AsyQuote",
        "draft_title": "Home",
        "review_home": [
          {
            "pk": 1,
            "page": 3,
            "sort_order": 0,
            "title_card": "O AsyQuote mudou a minha vida",
            "review_card": 5,
            "paragraph_card": "Estou impressionado com a eficincia desta ferramenta. Desde que comecei a us-la, a minha empresa viu um aumento notvel na produtividade e na preciso dos nossos oramentos. A plataforma  incrivelmente intuitiva e economizou horas de trabalho manual. Alm disso, o suporte ao cliente  excepcional. Definitivamente, uma escolha inteligente para qualquer empresa de construo!",
            "letters_circle_card": "GS",
            "name_of_the_person_card": "Gonalo S.",
            "function_of_the_person_card": "Estagirio"
          },
          {
            "pk": 2,
            "page": 3,
            "sort_order": 1,
            "title_card": "Uma revoluo na oramentao",
            "review_card": 5,
            "paragraph_card": "O AsyQuote provou ser uma verdadeira revoluo para o nosso processo de oramentao. Desde a implementao, a nossa eficincia disparou, proporcionando uma melhoria significativa na preciso e rapidez na criao de oramentos. A interface intuitiva facilitou a transio, e o suporte ao cliente atencioso solidificou nossa confiana na ferramenta. Recomendo a todas as empresas que buscam aprimorar sua abordagem oramental.",
            "letters_circle_card": "SO",
            "name_of_the_person_card": "Sofia O.",
            "function_of_the_person_card": "Diretora Financeira"
          },
          {
            "pk": 3,
            "page": 3,
            "sort_order": 2,
            "title_card": "Eficincia Elevada com AsyQuote",
            "review_card": 6,
            "paragraph_card": "Testar o AsyQuote foi uma jogada estratgica para a nossa empresa. A eficincia que ganhamos desde ento  notvel. Os processos de oramentao tornaram-se mais geis, economizando tempo valioso. A plataforma  amigvel, e o suporte ao cliente, exemplar. Como gestor, essa ferramenta se tornou um aliado indispensvel no dia a dia.",
            "letters_circle_card": "PS",
            "name_of_the_person_card": "Pedro S.",
            "function_of_the_person_card": "Gerente de Projetos"
          },
          {
            "pk": 4,
            "page": 3,
            "sort_order": 3,
            "title_card": "A Chave da Nossa Competitividade",
            "review_card": 5,
            "paragraph_card": "Adotar o AsyQuote foi a chave para mantermos a competitividade no mercado. A facilidade na criao de oramentos e a agilidade proporcionada so inestimveis. A equipe por trs da plataforma  extremamente dedicada, oferecendo um suporte que vai alm das expectativas. Uma ferramenta indispensvel para qualquer empresa que busca se destacar.",
            "letters_circle_card": "MC",
            "name_of_the_person_card": "Marta C.",
            "function_of_the_person_card": "CEO"
          },
          {
            "pk": 5,
            "page": 3,
            "sort_order": 4,
            "title_card": "Transformao Digital com AsyQuote",
            "review_card": 6,
            "paragraph_card": "A transformao digital  essencial nos dias de hoje, e o AsyQuote foi o catalisador para a nossa empresa. Desde que implementamos essa ferramenta, notamos uma mudana significativa na eficincia operacional. A simplicidade na criao de oramentos e o suporte tcnico impecvel fizeram dessa transio uma experincia suave e bem-sucedida.",
            "letters_circle_card": "DM",
            "name_of_the_person_card": "Diogo M.",
            "function_of_the_person_card": "Analista de Sistemas"
          },
          {
            "pk": 6,
            "page": 3,
            "sort_order": 5,
            "title_card": "AsyQuote: Superando expectativas",
            "review_card": 6,
            "paragraph_card": "O AsyQuote superou todas as nossas expectativas. A facilidade de uso  surpreendente, e a rapidez na criao de oramentos proporcionou uma vantagem competitiva. O suporte ao cliente  gil e eficaz, demonstrando um comprometimento notvel.",
            "letters_circle_card": "IS",
            "name_of_the_person_card": "Ins S.",
            "function_of_the_person_card": "Coordenadora de Vendas"
          },
          {
            "pk": 7,
            "page": 3,
            "sort_order": 6,
            "title_card": "Eficincia e inovao com AsyQuote",
            "review_card": 6,
            "paragraph_card": "Experimentar o AsyQuote foi um divisor de guas para a nossa empresa. A eficincia operacional aumentou substancialmente, e a inovao na abordagem oramental  evidente. A interface amigvel tornou a transio suave, e o suporte ao cliente dedicado reforou nossa confiana na ferramenta. Recomendo sem reservas.",
            "letters_circle_card": "MP",
            "name_of_the_person_card": "Miguel P.",
            "function_of_the_person_card": "Analista Financeiro"
          }
        ],
        "action_title": "Comee a usar o AsyQuote hoje",
        "content_type": 60,
        "review_title": "Descubra o porqu dos nossos clientes gostarem de ns",
        "about_image_1": 3,
        "about_image_2": 4,
        "about_image_3": 5,
        "about_title_1": "Aumente a sua produtividade",
        "about_title_2": "Preciso e consistncia",
        "about_title_3": "Acesso rpido a dados cruciais",
        "live_revision": 3,
        "show_in_menus": false,
        "action_benefit": " grtis",
        "hero_paragraph": "<p data-block-key=\"17mqy\">Descubra como podemos otimizar o processo de oramentao para o seu negcio de construo.</p>",
        "latest_revision": 3,
        "translation_key": "c3a432f6-1183-4cbb-8d2d-6409bb897a78",
        "about_paragraph_1": "O AsyQuote  pode produzir mais oramentos em menos tempo, permitindo que a sua empresa se concentre em projetos reais em vez de tarefas administrativas. Maximize a produtividade e veja o seu negcio crescer.",
        "about_paragraph_2": "Garanta a preciso e consistncia em todos os seus oramentos. O Asyquote elimina erros humanos e padroniza o processo de oramentao, garantindo que cada oramento atenda aos mais altos padres de qualidade.",
        "about_paragraph_3": "Tenha acesso instantneo a dados  de custos, materiais e mo de obra. Com o AsyQuote, voc pode tomar decises informadas em tempo real, adaptando-se s mudanas do mercado.",
        "last_published_at": "2023-11-23T14:01:31.274Z",
        "first_published_at": "2023-11-23T10:37:03.495Z",
        "search_description": "",
        "wagtail_admin_comments": [],
        "has_unpublished_changes": false,
        "latest_revision_created_at": "2023-11-23T14:01:31.132Z"
      },
      "approved_go_live_at": null
    }
  },
  {
    "model": "wagtailcore.grouppagepermission",
    "pk": 1,
    "fields": {
      "group": 1,
      "page": 1,
      "permission": 33,
      "permission_type": "add"
    }
  },
  {
    "model": "wagtailcore.grouppagepermission",
    "pk": 2,
    "fields": {
      "group": 1,
      "page": 1,
      "permission": 34,
      "permission_type": "change"
    }
  },
  {
    "model": "wagtailcore.grouppagepermission",
    "pk": 3,
    "fields": {
      "group": 1,
      "page": 1,
      "permission": 39,
      "permission_type": "publish"
    }
  },
  {
    "model": "wagtailcore.grouppagepermission",
    "pk": 4,
    "fields": {
      "group": 2,
      "page": 1,
      "permission": 33,
      "permission_type": "add"
    }
  },
  {
    "model": "wagtailcore.grouppagepermission",
    "pk": 5,
    "fields": {
      "group": 2,
      "page": 1,
      "permission": 34,
      "permission_type": "change"
    }
  },
  {
    "model": "wagtailcore.grouppagepermission",
    "pk": 6,
    "fields": {
      "group": 1,
      "page": 1,
      "permission": 38,
      "permission_type": "lock"
    }
  },
  {
    "model": "wagtailcore.grouppagepermission",
    "pk": 7,
    "fields": {
      "group": 1,
      "page": 1,
      "permission": 40,
      "permission_type": "unlock"
    }
  },
  {
    "model": "wagtailcore.workflowpage",
    "pk": 1,
    "fields": {
      "workflow": 1
    }
  },
  {
    "model": "wagtailcore.workflowtask",
    "pk": 1,
    "fields": {
      "sort_order": 0,
      "workflow": 1,
      "task": 1
    }
  },
  {
    "model": "wagtailcore.task",
    "pk": 1,
    "fields": {
      "name": "Moderators approval",
      "content_type": 3,
      "active": true
    }
  },
  {
    "model": "wagtailcore.workflow",
    "pk": 1,
    "fields": {
      "name": "Moderators approval",
      "active": true
    }
  },
  {
    "model": "wagtailcore.groupapprovaltask",
    "pk": 1,
    "fields": {
      "groups": [
        1
      ]
    }
  },
  {
    "model": "wagtailcore.pagelogentry",
    "pk": 1,
    "fields": {
      "content_type": 1,
      "label": "Welcome to your new Wagtail site!",
      "action": "wagtail.delete",
      "data": {},
      "timestamp": "2023-11-23T10:28:29.888Z",
      "uuid": "e2952eee-65f4-4ccf-82ba-a0c5e9493b1e",
      "user": 1,
      "revision": null,
      "content_changed": false,
      "deleted": true,
      "page": 2
    }
  },
  {
    "model": "wagtailcore.pagelogentry",
    "pk": 2,
    "fields": {
      "content_type": 60,
      "label": "Home",
      "action": "wagtail.create",
      "data": {},
      "timestamp": "2023-11-23T10:37:03.373Z",
      "uuid": "b6bee50a-d5e1-4a58-8a0b-6d006363711a",
      "user": 1,
      "revision": null,
      "content_changed": true,
      "deleted": false,
      "page": 3
    }
  },
  {
    "model": "wagtailcore.pagelogentry",
    "pk": 3,
    "fields": {
      "content_type": 60,
      "label": "Home",
      "action": "wagtail.edit",
      "data": {},
      "timestamp": "2023-11-23T10:37:03.460Z",
      "uuid": "b6bee50a-d5e1-4a58-8a0b-6d006363711a",
      "user": 1,
      "revision": 1,
      "content_changed": true,
      "deleted": false,
      "page": 3
    }
  },
  {
    "model": "wagtailcore.pagelogentry",
    "pk": 4,
    "fields": {
      "content_type": 60,
      "label": "Home",
      "action": "wagtail.publish",
      "data": {},
      "timestamp": "2023-11-23T10:37:03.572Z",
      "uuid": "b6bee50a-d5e1-4a58-8a0b-6d006363711a",
      "user": 1,
      "revision": 1,
      "content_changed": true,
      "deleted": false,
      "page": 3
    }
  },
  {
    "model": "wagtailcore.pagelogentry",
    "pk": 5,
    "fields": {
      "content_type": 60,
      "label": "Home",
      "action": "wagtail.edit",
      "data": {},
      "timestamp": "2023-11-23T10:59:48.083Z",
      "uuid": "c289c4d1-fba3-4d6a-a10e-64a19ec713d0",
      "user": 1,
      "revision": 2,
      "content_changed": true,
      "deleted": false,
      "page": 3
    }
  },
  {
    "model": "wagtailcore.pagelogentry",
    "pk": 6,
    "fields": {
      "content_type": 60,
      "label": "Home",
      "action": "wagtail.publish",
      "data": {},
      "timestamp": "2023-11-23T10:59:48.268Z",
      "uuid": "c289c4d1-fba3-4d6a-a10e-64a19ec713d0",
      "user": 1,
      "revision": 2,
      "content_changed": true,
      "deleted": false,
      "page": 3
    }
  },
  {
    "model": "wagtailcore.pagelogentry",
    "pk": 7,
    "fields": {
      "content_type": 60,
      "label": "Home",
      "action": "wagtail.edit",
      "data": {},
      "timestamp": "2023-11-23T14:01:31.208Z",
      "uuid": "a504baac-6f05-43bd-8fee-6b2ce02f73c7",
      "user": 1,
      "revision": 3,
      "content_changed": true,
      "deleted": false,
      "page": 3
    }
  },
  {
    "model": "wagtailcore.pagelogentry",
    "pk": 8,
    "fields": {
      "content_type": 60,
      "label": "Home",
      "action": "wagtail.publish",
      "data": {},
      "timestamp": "2023-11-23T14:01:31.377Z",
      "uuid": "a504baac-6f05-43bd-8fee-6b2ce02f73c7",
      "user": 1,
      "revision": 3,
      "content_changed": true,
      "deleted": false,
      "page": 3
    }
  },
  {
    "model": "wagtailcore.pagelogentry",
    "pk": 9,
    "fields": {
      "content_type": 60,
      "label": "Home",
      "action": "wagtail.edit",
      "data": {},
      "timestamp": "2023-12-22T16:29:15.497Z",
      "uuid": "55e02996-8887-4b53-89a5-e6d6c9d85dd7",
      "user": 1,
      "revision": 4,
      "content_changed": true,
      "deleted": false,
      "page": 3
    }
  },
  {
    "model": "wagtailcore.pagelogentry",
    "pk": 10,
    "fields": {
      "content_type": 60,
      "label": "Home",
      "action": "wagtail.publish",
      "data": {},
      "timestamp": "2023-12-22T16:29:15.731Z",
      "uuid": "55e02996-8887-4b53-89a5-e6d6c9d85dd7",
      "user": 1,
      "revision": 4,
      "content_changed": true,
      "deleted": false,
      "page": 3
    }
  },
  {
    "model": "wagtailcore.pagesubscription",
    "pk": 1,
    "fields": {
      "user": 1,
      "page": 3,
      "comment_notifications": true
    }
  },
  {
    "model": "wagtailmenus.mainmenuitem",
    "pk": 1,
    "fields": {
      "sort_order": 0,
      "link_page": null,
      "link_url": "#sobre",
      "url_append": "",
      "handle": "",
      "link_text": "Sobre",
      "allow_subnav": true,
      "menu": 1
    }
  },
  {
    "model": "wagtailmenus.mainmenuitem",
    "pk": 2,
    "fields": {
      "sort_order": 1,
      "link_page": null,
      "link_url": "#opinies",
      "url_append": "",
      "handle": "",
      "link_text": "Opinies",
      "allow_subnav": true,
      "menu": 1
    }
  },
  {
    "model": "wagtailmenus.mainmenuitem",
    "pk": 3,
    "fields": {
      "sort_order": 2,
      "link_page": null,
      "link_url": "#faqs",
      "url_append": "",
      "handle": "",
      "link_text": "FAQS",
      "allow_subnav": true,
      "menu": 1
    }
  },
  {
    "model": "wagtailmenus.mainmenuitem",
    "pk": 4,
    "fields": {
      "sort_order": 3,
      "link_page": null,
      "link_url": "login",
      "url_append": "",
      "handle": "",
      "link_text": "Login",
      "allow_subnav": true,
      "menu": 1
    }
  },
  {
    "model": "wagtailmenus.mainmenu",
    "pk": 1,
    "fields": {
      "site": 2,
      "max_levels": 2
    }
  },
  {
    "model": "account.emailaddress",
    "pk": 1,
    "fields": {
      "user": 1,
      "email": "marioferreira0409@gmail.com",
      "verified": true,
      "primary": true
    }
  },
  {
    "model": "account.emailaddress",
    "pk": 3,
    "fields": {
      "user": 4,
      "email": "goncaloalves0530@gmail.com",
      "verified": true,
      "primary": true
    }
  },
  {
    "model": "account.emailaddress",
    "pk": 5,
    "fields": {
      "user": 6,
      "email": "obrascompinta@gmail.com",
      "verified": true,
      "primary": true
    }
  },
  {
    "model": "account.emailaddress",
    "pk": 20,
    "fields": {
      "user": 20,
      "email": "gsag.sousa@icloud.com",
      "verified": true,
      "primary": true
    }
  },
  {
    "model": "account.emailaddress",
    "pk": 21,
    "fields": {
      "user": 22,
      "email": "gsag.sousa@icloud.com",
      "verified": false,
      "primary": false
    }
  },
  {
    "model": "users.user",
    "pk": 1,
    "fields": {
      "password": "argon2$argon2id$v=19$m=102400,t=2,p=8$Y255RjVaN293ckNFODZWSFk3SGc2WQ$fPA1BbA3ls0RLjpBfLsolR8nFZDumqHMebuXltRM6Ps",
      "last_login": "2024-01-20T16:01:44.957Z",
      "is_superuser": true,
      "username": "admin",
      "first_name": "",
      "last_name": "",
      "email": "marioferreira0409@gmail.com",
      "is_staff": true,
      "is_active": true,
      "date_joined": "2023-11-23T09:54:48Z",
      "receive_email": false,
      "development_help": true,
      "acount": false,
      "groups": [],
      "user_permissions": []
    }
  },
  {
    "model": "users.user",
    "pk": 4,
    "fields": {
      "password": "argon2$argon2id$v=19$m=102400,t=2,p=8$YnBJYXNwa0pYaEdVcmhSdnB1ZG13ZQ$jpMwJnNxxka8z3dSZ4oaBplyM3e8g962KlplC++g7+g",
      "last_login": "2023-12-19T21:24:55.081Z",
      "is_superuser": false,
      "username": "admin3",
      "first_name": "",
      "last_name": "",
      "email": "goncaloalves0530@gmail.com",
      "is_staff": false,
      "is_active": true,
      "date_joined": "2023-12-19T21:23:29.507Z",
      "receive_email": false,
      "development_help": true,
      "acount": false,
      "groups": [],
      "user_permissions": []
    }
  },
  {
    "model": "users.user",
    "pk": 6,
    "fields": {
      "password": "argon2$argon2id$v=19$m=102400,t=2,p=8$cXBEZ0hINVV5b0dFcHpSTDFpZ2hpUA$6c8lvEhuahT5DAP+Q8qizCrdvgjB3RskuUNLPizyif8",
      "last_login": "2024-01-05T23:38:01.161Z",
      "is_superuser": false,
      "username": "florbela",
      "first_name": "",
      "last_name": "",
      "email": "obrascompinta@gmail.com",
      "is_staff": false,
      "is_active": true,
      "date_joined": "2024-01-05T23:36:15.020Z",
      "receive_email": true,
      "development_help": true,
      "acount": false,
      "groups": [],
      "user_permissions": []
    }
  },
  {
    "model": "users.user",
    "pk": 20,
    "fields": {
      "password": "argon2$argon2id$v=19$m=102400,t=2,p=8$bUJMcmNDcFVkMDNCYTdEMGRTalJWUA$hmawbeqXVMteMtn5CWR2DDZvY/ty1q299+ybuBp+MDk",
      "last_login": "2024-01-14T14:40:54.190Z",
      "is_superuser": false,
      "username": "aaaa",
      "first_name": "",
      "last_name": "",
      "email": "gsag.sousa@icloud.com",
      "is_staff": false,
      "is_active": true,
      "date_joined": "2024-01-14T14:39:46.870Z",
      "receive_email": false,
      "development_help": true,
      "acount": false,
      "groups": [],
      "user_permissions": []
    }
  },
  {
    "model": "users.user",
    "pk": 21,
    "fields": {
      "password": "argon2$argon2id$v=19$m=102400,t=2,p=8$SDhZbm1VczdxWWNmZW9Qc1VWaG02Wg$dyes4hzJmoA//9SbAkEyC8elWUTmpqUUZ4dizAYtDUM",
      "last_login": null,
      "is_superuser": true,
      "username": "adad",
      "first_name": "",
      "last_name": "",
      "email": "",
      "is_staff": true,
      "is_active": true,
      "date_joined": "2024-01-19T14:25:26.256Z",
      "receive_email": false,
      "development_help": false,
      "acount": false,
      "groups": [],
      "user_permissions": []
    }
  },
  {
    "model": "users.user",
    "pk": 22,
    "fields": {
      "password": "argon2$argon2id$v=19$m=102400,t=2,p=8$QXd4b2huNnc4OG9wUVRxWEhGMEszWQ$j+vNp5ybur6Wme6R14iTu552J0Ll7dVXC365lAkYffk",
      "last_login": null,
      "is_superuser": true,
      "username": "adadad",
      "first_name": "",
      "last_name": "",
      "email": "gsag.sousa@icloud.com",
      "is_staff": true,
      "is_active": true,
      "date_joined": "2024-01-19T14:27:45.502Z",
      "receive_email": false,
      "development_help": false,
      "acount": false,
      "groups": [],
      "user_permissions": []
    }
  },
  {
    "model": "landingpage.customimage",
    "pk": 1,
    "fields": {
      "sort_order": null,
      "images_cards": 6
    }
  },
  {
    "model": "landingpage.customimage",
    "pk": 2,
    "fields": {
      "sort_order": null,
      "images_cards": 7
    }
  },
  {
    "model": "landingpage.customimage",
    "pk": 3,
    "fields": {
      "sort_order": null,
      "images_cards": 8
    }
  },
  {
    "model": "landingpage.customimage",
    "pk": 4,
    "fields": {
      "sort_order": null,
      "images_cards": 9
    }
  },
  {
    "model": "landingpage.customimage",
    "pk": 5,
    "fields": {
      "sort_order": null,
      "images_cards": 10
    }
  },
  {
    "model": "landingpage.customimage",
    "pk": 6,
    "fields": {
      "sort_order": null,
      "images_cards": 11
    }
  },
  {
    "model": "landingpage.customimage",
    "pk": 7,
    "fields": {
      "sort_order": null,
      "images_cards": 12
    }
  },
  {
    "model": "landingpage.customimage",
    "pk": 8,
    "fields": {
      "sort_order": null,
      "images_cards": 14
    }
  },
  {
    "model": "landingpage.customimage",
    "pk": 9,
    "fields": {
      "sort_order": null,
      "images_cards": 15
    }
  },
  {
    "model": "landingpage.additionalinformation",
    "pk": 1,
    "fields": {
      "additional_information_text": "Poltica de privacidade",
      "additional_information_href": "politica-privacidade"
    }
  },
  {
    "model": "landingpage.additionalinformation",
    "pk": 2,
    "fields": {
      "additional_information_text": "Termos de uso",
      "additional_information_href": "termos-uso"
    }
  },
  {
    "model": "landingpage.additionalinformation",
    "pk": 3,
    "fields": {
      "additional_information_text": "Crditos",
      "additional_information_href": "creditos"
    }
  },
  {
    "model": "landingpage.websitepages",
    "pk": 1,
    "fields": {
      "text_pages": "Homepage",
      "pages_href": null
    }
  },
  {
    "model": "landingpage.websitepages",
    "pk": 2,
    "fields": {
      "text_pages": "Aceder Beta",
      "pages_href": "aceder-beta"
    }
  },
  {
    "model": "landingpage.websitepages",
    "pk": 3,
    "fields": {
      "text_pages": "Login",
      "pages_href": "login"
    }
  },
  {
    "model": "landingpage.footercontact",
    "pk": 1,
    "fields": {
      "information_image": 16,
      "information": "geral@obrascompinta.pt",
      "information_url": "mailto:geral@obrascompinta.pt"
    }
  },
  {
    "model": "landingpage.footercontact",
    "pk": 2,
    "fields": {
      "information_image": 17,
      "information": "+351 965 109 144",
      "information_url": "https://wa.me/+351965109144"
    }
  },
  {
    "model": "landingpage.footertitles",
    "pk": 1,
    "fields": {
      "footer_navigation_title": "Links teis",
      "footer_contact_title": "Contacte-nos",
      "copyright": " 2023 AsyQuote - Todos os direitos Reservados"
    }
  },
  {
    "model": "landingpage.reviewhome",
    "pk": 1,
    "fields": {
      "sort_order": 0,
      "page": 3,
      "review_card": 5,
      "title_card": "O AsyQuote mudou a minha vida",
      "paragraph_card": "Estou impressionado com a eficincia desta ferramenta. Desde que comecei a us-la, a minha empresa viu um aumento notvel na produtividade e na preciso dos nossos oramentos. A plataforma  incrivelmente intuitiva e economizou horas de trabalho manual. Alm disso, o suporte ao cliente  excepcional. Definitivamente, uma escolha inteligente para qualquer empresa de construo!",
      "letters_circle_card": "GS",
      "name_of_the_person_card": "Gonalo S.",
      "function_of_the_person_card": "Estagirio"
    }
  },
  {
    "model": "landingpage.reviewhome",
    "pk": 2,
    "fields": {
      "sort_order": 1,
      "page": 3,
      "review_card": 5,
      "title_card": "Uma revoluo na oramentao",
      "paragraph_card": "O AsyQuote provou ser uma verdadeira revoluo para o nosso processo de oramentao. Desde a implementao, a nossa eficincia disparou, proporcionando uma melhoria significativa na preciso e rapidez na criao de oramentos. A interface intuitiva facilitou a transio, e o suporte ao cliente atencioso solidificou nossa confiana na ferramenta. Recomendo a todas as empresas que buscam aprimorar sua abordagem oramental.",
      "letters_circle_card": "SO",
      "name_of_the_person_card": "Sofia O.",
      "function_of_the_person_card": "Diretora Financeira"
    }
  },
  {
    "model": "landingpage.reviewhome",
    "pk": 3,
    "fields": {
      "sort_order": 2,
      "page": 3,
      "review_card": 6,
      "title_card": "Eficincia Elevada com AsyQuote",
      "paragraph_card": "Testar o AsyQuote foi uma jogada estratgica para a nossa empresa. A eficincia que ganhamos desde ento  notvel. Os processos de oramentao tornaram-se mais geis, economizando tempo valioso. A plataforma  amigvel, e o suporte ao cliente, exemplar. Como gestor, essa ferramenta se tornou um aliado indispensvel no dia a dia.",
      "letters_circle_card": "PS",
      "name_of_the_person_card": "Pedro S.",
      "function_of_the_person_card": "Gerente de Projetos"
    }
  },
  {
    "model": "landingpage.reviewhome",
    "pk": 4,
    "fields": {
      "sort_order": 3,
      "page": 3,
      "review_card": 5,
      "title_card": "A Chave da Nossa Competitividade",
      "paragraph_card": "Adotar o AsyQuote foi a chave para mantermos a competitividade no mercado. A facilidade na criao de oramentos e a agilidade proporcionada so inestimveis. A equipe por trs da plataforma  extremamente dedicada, oferecendo um suporte que vai alm das expectativas. Uma ferramenta indispensvel para qualquer empresa que busca se destacar.",
      "letters_circle_card": "MC",
      "name_of_the_person_card": "Marta C.",
      "function_of_the_person_card": "CEO"
    }
  },
  {
    "model": "landingpage.reviewhome",
    "pk": 5,
    "fields": {
      "sort_order": 4,
      "page": 3,
      "review_card": 6,
      "title_card": "Transformao Digital com AsyQuote",
      "paragraph_card": "A transformao digital  essencial nos dias de hoje, e o AsyQuote foi o catalisador para a nossa empresa. Desde que implementamos essa ferramenta, notamos uma mudana significativa na eficincia operacional. A simplicidade na criao de oramentos e o suporte tcnico impecvel fizeram dessa transio uma experincia suave e bem-sucedida.",
      "letters_circle_card": "DM",
      "name_of_the_person_card": "Diogo M.",
      "function_of_the_person_card": "Analista de Sistemas"
    }
  },
  {
    "model": "landingpage.reviewhome",
    "pk": 6,
    "fields": {
      "sort_order": 5,
      "page": 3,
      "review_card": 6,
      "title_card": "AsyQuote: Superando expectativas",
      "paragraph_card": "O AsyQuote superou todas as nossas expectativas. A facilidade de uso  surpreendente, e a rapidez na criao de oramentos proporcionou uma vantagem competitiva. O suporte ao cliente  gil e eficaz, demonstrando um comprometimento notvel.",
      "letters_circle_card": "IS",
      "name_of_the_person_card": "Ins S.",
      "function_of_the_person_card": "Coordenadora de Vendas"
    }
  },
  {
    "model": "landingpage.reviewhome",
    "pk": 7,
    "fields": {
      "sort_order": 6,
      "page": 3,
      "review_card": 6,
      "title_card": "Eficincia e inovao com AsyQuote",
      "paragraph_card": "Experimentar o AsyQuote foi um divisor de guas para a nossa empresa. A eficincia operacional aumentou substancialmente, e a inovao na abordagem oramental  evidente. A interface amigvel tornou a transio suave, e o suporte ao cliente dedicado reforou nossa confiana na ferramenta. Recomendo sem reservas.",
      "letters_circle_card": "MP",
      "name_of_the_person_card": "Miguel P.",
      "function_of_the_person_card": "Analista Financeiro"
    }
  },
  {
    "model": "landingpage.faqs",
    "pk": 1,
    "fields": {
      "sort_order": 0,
      "page": 3,
      "question": "Como posso criar um oramento?",
      "answer": "Pode criar um oramento atravs do nosso criador de oramentos. Neste, poder definir o produto, quantidades,margens de lucro  e at descontos no produto.",
      "text_href": null,
      "href_url": null
    }
  },
  {
    "model": "landingpage.faqs",
    "pk": 2,
    "fields": {
      "sort_order": 1,
      "page": 3,
      "question": "Como posso participar na fase beta",
      "answer": "Para participar na fase beta, tem que se inscrever no processo de seleo.  Embora as vagas sejam limitadas, encorajamos todos a se candidatarem, pois valorizamos a contribuio de todos.",
      "text_href": "Entre j na fase Beta",
      "href_url": "aceder-beta"
    }
  },
  {
    "model": "landingpage.faqs",
    "pk": 3,
    "fields": {
      "sort_order": 2,
      "page": 3,
      "question": "Qual  preo da ferramenta?",
      "answer": "Como o AsyQuote encontra-se ainda em fase beta, decidimos que a melhor maneira de atrair mais usurios e melhorar a ferramenta,   deixar a ferramenta grtis para todos.",
      "text_href": null,
      "href_url": null
    }
  },
  {
    "model": "landingpage.faqs",
    "pk": 4,
    "fields": {
      "sort_order": 3,
      "page": 3,
      "question": "O oramento  costumizvel?",
      "answer": "Sim o oramento  costumizvel, pode mudar o logo, os preos, as margens. Alm disso, no final tem uma seco de notas aonde pode escrever o que quiser.",
      "text_href": null,
      "href_url": null
    }
  },
  {
    "model": "landingpage.homepage",
    "pk": 3,
    "fields": {
      "hero_image": 1,
      "hero_title": "Agilize os seus oramentos",
      "hero_paragraph": "<p data-block-key=\"17mqy\">Descubra como podemos otimizar o processo de oramentao para o seu negcio de construo.</p>",
      "uses_title": "10+ empresas usam o AsyQuote",
      "uses_image": "[{\"id\": \"29712dc4-ec01-4693-9743-0fd81c72d2fc\", \"type\": \"image\", \"value\": {\"url_uses\": \"https://obrascompinta.pt\", \"image_uses\": 2}}, {\"id\": \"bf9ecb04-c40d-495f-9316-bc3c15feaf89\", \"type\": \"image\", \"value\": {\"url_uses\": \"https://obrascompinta.pt\", \"image_uses\": 2}}, {\"id\": \"89379c39-684a-49d2-9c38-d15d63a31ee9\", \"type\": \"image\", \"value\": {\"url_uses\": \"https://obrascompinta.pt\", \"image_uses\": 2}}, {\"id\": \"1a224bf1-4a5f-4e03-be75-339626a4c320\", \"type\": \"image\", \"value\": {\"url_uses\": \"https://obrascompinta.pt\", \"image_uses\": 2}}, {\"id\": \"52c44a6e-7a81-4da4-b991-b3668be50973\", \"type\": \"image\", \"value\": {\"url_uses\": \"https://obrascompinta.pt\", \"image_uses\": 2}}, {\"id\": \"fd3c9d94-db54-4eb6-8c21-157c1c954b4f\", \"type\": \"image\", \"value\": {\"url_uses\": \"https://obrascompinta.pt\", \"image_uses\": 2}}, {\"id\": \"1a6c2317-ec39-4e22-a2df-d13a6de3fdb8\", \"type\": \"image\", \"value\": {\"url_uses\": \"https://obrascompinta.pt\", \"image_uses\": 2}}, {\"id\": \"ac6e1096-32b9-4cc8-843b-0360d175c6f9\", \"type\": \"image\", \"value\": {\"url_uses\": \"https://obrascompinta.pt\", \"image_uses\": 2}}, {\"id\": \"e6680f25-5808-4811-bdc6-c02c21707162\", \"type\": \"image\", \"value\": {\"url_uses\": \"https://obrascompinta.pt\", \"image_uses\": 2}}, {\"id\": \"f3d94a4a-fe17-4022-b0d0-ff88586411b8\", \"type\": \"image\", \"value\": {\"url_uses\": \"https://obrascompinta.pt\", \"image_uses\": 2}}]",
      "about_title_1": "Aumente a sua produtividade",
      "about_paragraph_1": "O AsyQuote  pode produzir mais oramentos em menos tempo, permitindo que a sua empresa se concentre em projetos reais em vez de tarefas administrativas. Maximize a produtividade e veja o seu negcio crescer.",
      "about_image_1": 3,
      "about_title_2": "Preciso e consistncia",
      "about_paragraph_2": "Garanta a preciso e consistncia em todos os seus oramentos. O Asyquote elimina erros humanos e padroniza o processo de oramentao, garantindo que cada oramento atenda aos mais altos padres de qualidade.",
      "about_image_2": 4,
      "about_title_3": "Acesso rpido a dados cruciais",
      "about_paragraph_3": "Tenha acesso instantneo a dados  de custos, materiais e mo de obra. Com o AsyQuote, voc pode tomar decises informadas em tempo real, adaptando-se s mudanas do mercado.",
      "about_image_3": 5,
      "review_title": "Descubra o porqu dos nossos clientes gostarem de ns",
      "faqs_title": "Perguntas frequentes",
      "action_title": "Comee a usar o AsyQuote hoje",
      "action_benefit": " grtis"
    }
  }
]
