[
  {
    "model": "auth.permission",
    "pk": 1,
    "fields": {
      "name": "Can add image",
      "content_type": 2,
      "codename": "add_image"
    }
  },
  {
    "model": "auth.permission",
    "pk": 2,
    "fields": {
      "name": "Can change image",
      "content_type": 2,
      "codename": "change_image"
    }
  },
  {
    "model": "auth.permission",
    "pk": 3,
    "fields": {
      "name": "Can delete image",
      "content_type": 2,
      "codename": "delete_image"
    }
  },
  {
    "model": "auth.permission",
    "pk": 4,
    "fields": {
      "name": "Can choose image",
      "content_type": 2,
      "codename": "choose_image"
    }
  },
  {
    "model": "auth.permission",
    "pk": 5,
    "fields": {
      "name": "Can add locale",
      "content_type": 4,
      "codename": "add_locale"
    }
  },
  {
    "model": "auth.permission",
    "pk": 6,
    "fields": {
      "name": "Can change locale",
      "content_type": 4,
      "codename": "change_locale"
    }
  },
  {
    "model": "auth.permission",
    "pk": 7,
    "fields": {
      "name": "Can delete locale",
      "content_type": 4,
      "codename": "delete_locale"
    }
  },
  {
    "model": "auth.permission",
    "pk": 8,
    "fields": {
      "name": "Can view locale",
      "content_type": 4,
      "codename": "view_locale"
    }
  },
  {
    "model": "auth.permission",
    "pk": 9,
    "fields": {
      "name": "Can add site",
      "content_type": 5,
      "codename": "add_site"
    }
  },
  {
    "model": "auth.permission",
    "pk": 10,
    "fields": {
      "name": "Can change site",
      "content_type": 5,
      "codename": "change_site"
    }
  },
  {
    "model": "auth.permission",
    "pk": 11,
    "fields": {
      "name": "Can delete site",
      "content_type": 5,
      "codename": "delete_site"
    }
  },
  {
    "model": "auth.permission",
    "pk": 12,
    "fields": {
      "name": "Can view site",
      "content_type": 5,
      "codename": "view_site"
    }
  },
  {
    "model": "auth.permission",
    "pk": 13,
    "fields": {
      "name": "Can add model log entry",
      "content_type": 6,
      "codename": "add_modellogentry"
    }
  },
  {
    "model": "auth.permission",
    "pk": 14,
    "fields": {
      "name": "Can change model log entry",
      "content_type": 6,
      "codename": "change_modellogentry"
    }
  },
  {
    "model": "auth.permission",
    "pk": 15,
    "fields": {
      "name": "Can delete model log entry",
      "content_type": 6,
      "codename": "delete_modellogentry"
    }
  },
  {
    "model": "auth.permission",
    "pk": 16,
    "fields": {
      "name": "Can view model log entry",
      "content_type": 6,
      "codename": "view_modellogentry"
    }
  },
  {
    "model": "auth.permission",
    "pk": 17,
    "fields": {
      "name": "Can add collection view restriction",
      "content_type": 7,
      "codename": "add_collectionviewrestriction"
    }
  },
  {
    "model": "auth.permission",
    "pk": 18,
    "fields": {
      "name": "Can change collection view restriction",
      "content_type": 7,
      "codename": "change_collectionviewrestriction"
    }
  },
  {
    "model": "auth.permission",
    "pk": 19,
    "fields": {
      "name": "Can delete collection view restriction",
      "content_type": 7,
      "codename": "delete_collectionviewrestriction"
    }
  },
  {
    "model": "auth.permission",
    "pk": 20,
    "fields": {
      "name": "Can view collection view restriction",
      "content_type": 7,
      "codename": "view_collectionviewrestriction"
    }
  },
  {
    "model": "auth.permission",
    "pk": 21,
    "fields": {
      "name": "Can add collection",
      "content_type": 8,
      "codename": "add_collection"
    }
  },
  {
    "model": "auth.permission",
    "pk": 22,
    "fields": {
      "name": "Can change collection",
      "content_type": 8,
      "codename": "change_collection"
    }
  },
  {
    "model": "auth.permission",
    "pk": 23,
    "fields": {
      "name": "Can delete collection",
      "content_type": 8,
      "codename": "delete_collection"
    }
  },
  {
    "model": "auth.permission",
    "pk": 24,
    "fields": {
      "name": "Can view collection",
      "content_type": 8,
      "codename": "view_collection"
    }
  },
  {
    "model": "auth.permission",
    "pk": 25,
    "fields": {
      "name": "Can add group collection permission",
      "content_type": 9,
      "codename": "add_groupcollectionpermission"
    }
  },
  {
    "model": "auth.permission",
    "pk": 26,
    "fields": {
      "name": "Can change group collection permission",
      "content_type": 9,
      "codename": "change_groupcollectionpermission"
    }
  },
  {
    "model": "auth.permission",
    "pk": 27,
    "fields": {
      "name": "Can delete group collection permission",
      "content_type": 9,
      "codename": "delete_groupcollectionpermission"
    }
  },
  {
    "model": "auth.permission",
    "pk": 28,
    "fields": {
      "name": "Can view group collection permission",
      "content_type": 9,
      "codename": "view_groupcollectionpermission"
    }
  },
  {
    "model": "auth.permission",
    "pk": 29,
    "fields": {
      "name": "Can add reference index",
      "content_type": 10,
      "codename": "add_referenceindex"
    }
  },
  {
    "model": "auth.permission",
    "pk": 30,
    "fields": {
      "name": "Can change reference index",
      "content_type": 10,
      "codename": "change_referenceindex"
    }
  },
  {
    "model": "auth.permission",
    "pk": 31,
    "fields": {
      "name": "Can delete reference index",
      "content_type": 10,
      "codename": "delete_referenceindex"
    }
  },
  {
    "model": "auth.permission",
    "pk": 32,
    "fields": {
      "name": "Can view reference index",
      "content_type": 10,
      "codename": "view_referenceindex"
    }
  },
  {
    "model": "auth.permission",
    "pk": 33,
    "fields": {
      "name": "Can add page",
      "content_type": 1,
      "codename": "add_page"
    }
  },
  {
    "model": "auth.permission",
    "pk": 34,
    "fields": {
      "name": "Can change page",
      "content_type": 1,
      "codename": "change_page"
    }
  },
  {
    "model": "auth.permission",
    "pk": 35,
    "fields": {
      "name": "Can delete page",
      "content_type": 1,
      "codename": "delete_page"
    }
  },
  {
    "model": "auth.permission",
    "pk": 36,
    "fields": {
      "name": "Can view page",
      "content_type": 1,
      "codename": "view_page"
    }
  },
  {
    "model": "auth.permission",
    "pk": 37,
    "fields": {
      "name": "Delete pages with children",
      "content_type": 1,
      "codename": "bulk_delete_page"
    }
  },
  {
    "model": "auth.permission",
    "pk": 38,
    "fields": {
      "name": "Lock/unlock pages you've locked",
      "content_type": 1,
      "codename": "lock_page"
    }
  },
  {
    "model": "auth.permission",
    "pk": 39,
    "fields": {
      "name": "Publish any page",
      "content_type": 1,
      "codename": "publish_page"
    }
  },
  {
    "model": "auth.permission",
    "pk": 40,
    "fields": {
      "name": "Unlock any page",
      "content_type": 1,
      "codename": "unlock_page"
    }
  },
  {
    "model": "auth.permission",
    "pk": 41,
    "fields": {
      "name": "Can add revision",
      "content_type": 11,
      "codename": "add_revision"
    }
  },
  {
    "model": "auth.permission",
    "pk": 42,
    "fields": {
      "name": "Can change revision",
      "content_type": 11,
      "codename": "change_revision"
    }
  },
  {
    "model": "auth.permission",
    "pk": 43,
    "fields": {
      "name": "Can delete revision",
      "content_type": 11,
      "codename": "delete_revision"
    }
  },
  {
    "model": "auth.permission",
    "pk": 44,
    "fields": {
      "name": "Can view revision",
      "content_type": 11,
      "codename": "view_revision"
    }
  },
  {
    "model": "auth.permission",
    "pk": 45,
    "fields": {
      "name": "Can add group page permission",
      "content_type": 12,
      "codename": "add_grouppagepermission"
    }
  },
  {
    "model": "auth.permission",
    "pk": 46,
    "fields": {
      "name": "Can change group page permission",
      "content_type": 12,
      "codename": "change_grouppagepermission"
    }
  },
  {
    "model": "auth.permission",
    "pk": 47,
    "fields": {
      "name": "Can delete group page permission",
      "content_type": 12,
      "codename": "delete_grouppagepermission"
    }
  },
  {
    "model": "auth.permission",
    "pk": 48,
    "fields": {
      "name": "Can view group page permission",
      "content_type": 12,
      "codename": "view_grouppagepermission"
    }
  },
  {
    "model": "auth.permission",
    "pk": 49,
    "fields": {
      "name": "Can add page view restriction",
      "content_type": 13,
      "codename": "add_pageviewrestriction"
    }
  },
  {
    "model": "auth.permission",
    "pk": 50,
    "fields": {
      "name": "Can change page view restriction",
      "content_type": 13,
      "codename": "change_pageviewrestriction"
    }
  },
  {
    "model": "auth.permission",
    "pk": 51,
    "fields": {
      "name": "Can delete page view restriction",
      "content_type": 13,
      "codename": "delete_pageviewrestriction"
    }
  },
  {
    "model": "auth.permission",
    "pk": 52,
    "fields": {
      "name": "Can view page view restriction",
      "content_type": 13,
      "codename": "view_pageviewrestriction"
    }
  },
  {
    "model": "auth.permission",
    "pk": 53,
    "fields": {
      "name": "Can add workflow page",
      "content_type": 14,
      "codename": "add_workflowpage"
    }
  },
  {
    "model": "auth.permission",
    "pk": 54,
    "fields": {
      "name": "Can change workflow page",
      "content_type": 14,
      "codename": "change_workflowpage"
    }
  },
  {
    "model": "auth.permission",
    "pk": 55,
    "fields": {
      "name": "Can delete workflow page",
      "content_type": 14,
      "codename": "delete_workflowpage"
    }
  },
  {
    "model": "auth.permission",
    "pk": 56,
    "fields": {
      "name": "Can view workflow page",
      "content_type": 14,
      "codename": "view_workflowpage"
    }
  },
  {
    "model": "auth.permission",
    "pk": 57,
    "fields": {
      "name": "Can add workflow content type",
      "content_type": 15,
      "codename": "add_workflowcontenttype"
    }
  },
  {
    "model": "auth.permission",
    "pk": 58,
    "fields": {
      "name": "Can change workflow content type",
      "content_type": 15,
      "codename": "change_workflowcontenttype"
    }
  },
  {
    "model": "auth.permission",
    "pk": 59,
    "fields": {
      "name": "Can delete workflow content type",
      "content_type": 15,
      "codename": "delete_workflowcontenttype"
    }
  },
  {
    "model": "auth.permission",
    "pk": 60,
    "fields": {
      "name": "Can view workflow content type",
      "content_type": 15,
      "codename": "view_workflowcontenttype"
    }
  },
  {
    "model": "auth.permission",
    "pk": 61,
    "fields": {
      "name": "Can add workflow task order",
      "content_type": 16,
      "codename": "add_workflowtask"
    }
  },
  {
    "model": "auth.permission",
    "pk": 62,
    "fields": {
      "name": "Can change workflow task order",
      "content_type": 16,
      "codename": "change_workflowtask"
    }
  },
  {
    "model": "auth.permission",
    "pk": 63,
    "fields": {
      "name": "Can delete workflow task order",
      "content_type": 16,
      "codename": "delete_workflowtask"
    }
  },
  {
    "model": "auth.permission",
    "pk": 64,
    "fields": {
      "name": "Can view workflow task order",
      "content_type": 16,
      "codename": "view_workflowtask"
    }
  },
  {
    "model": "auth.permission",
    "pk": 65,
    "fields": {
      "name": "Can add task",
      "content_type": 17,
      "codename": "add_task"
    }
  },
  {
    "model": "auth.permission",
    "pk": 66,
    "fields": {
      "name": "Can change task",
      "content_type": 17,
      "codename": "change_task"
    }
  },
  {
    "model": "auth.permission",
    "pk": 67,
    "fields": {
      "name": "Can delete task",
      "content_type": 17,
      "codename": "delete_task"
    }
  },
  {
    "model": "auth.permission",
    "pk": 68,
    "fields": {
      "name": "Can view task",
      "content_type": 17,
      "codename": "view_task"
    }
  },
  {
    "model": "auth.permission",
    "pk": 69,
    "fields": {
      "name": "Can add workflow",
      "content_type": 18,
      "codename": "add_workflow"
    }
  },
  {
    "model": "auth.permission",
    "pk": 70,
    "fields": {
      "name": "Can change workflow",
      "content_type": 18,
      "codename": "change_workflow"
    }
  },
  {
    "model": "auth.permission",
    "pk": 71,
    "fields": {
      "name": "Can delete workflow",
      "content_type": 18,
      "codename": "delete_workflow"
    }
  },
  {
    "model": "auth.permission",
    "pk": 72,
    "fields": {
      "name": "Can view workflow",
      "content_type": 18,
      "codename": "view_workflow"
    }
  },
  {
    "model": "auth.permission",
    "pk": 73,
    "fields": {
      "name": "Can add Group approval task",
      "content_type": 3,
      "codename": "add_groupapprovaltask"
    }
  },
  {
    "model": "auth.permission",
    "pk": 74,
    "fields": {
      "name": "Can change Group approval task",
      "content_type": 3,
      "codename": "change_groupapprovaltask"
    }
  },
  {
    "model": "auth.permission",
    "pk": 75,
    "fields": {
      "name": "Can delete Group approval task",
      "content_type": 3,
      "codename": "delete_groupapprovaltask"
    }
  },
  {
    "model": "auth.permission",
    "pk": 76,
    "fields": {
      "name": "Can view Group approval task",
      "content_type": 3,
      "codename": "view_groupapprovaltask"
    }
  },
  {
    "model": "auth.permission",
    "pk": 77,
    "fields": {
      "name": "Can add Workflow state",
      "content_type": 19,
      "codename": "add_workflowstate"
    }
  },
  {
    "model": "auth.permission",
    "pk": 78,
    "fields": {
      "name": "Can change Workflow state",
      "content_type": 19,
      "codename": "change_workflowstate"
    }
  },
  {
    "model": "auth.permission",
    "pk": 79,
    "fields": {
      "name": "Can delete Workflow state",
      "content_type": 19,
      "codename": "delete_workflowstate"
    }
  },
  {
    "model": "auth.permission",
    "pk": 80,
    "fields": {
      "name": "Can view Workflow state",
      "content_type": 19,
      "codename": "view_workflowstate"
    }
  },
  {
    "model": "auth.permission",
    "pk": 81,
    "fields": {
      "name": "Can add Task state",
      "content_type": 20,
      "codename": "add_taskstate"
    }
  },
  {
    "model": "auth.permission",
    "pk": 82,
    "fields": {
      "name": "Can change Task state",
      "content_type": 20,
      "codename": "change_taskstate"
    }
  },
  {
    "model": "auth.permission",
    "pk": 83,
    "fields": {
      "name": "Can delete Task state",
      "content_type": 20,
      "codename": "delete_taskstate"
    }
  },
  {
    "model": "auth.permission",
    "pk": 84,
    "fields": {
      "name": "Can view Task state",
      "content_type": 20,
      "codename": "view_taskstate"
    }
  },
  {
    "model": "auth.permission",
    "pk": 85,
    "fields": {
      "name": "Can add page log entry",
      "content_type": 21,
      "codename": "add_pagelogentry"
    }
  },
  {
    "model": "auth.permission",
    "pk": 86,
    "fields": {
      "name": "Can change page log entry",
      "content_type": 21,
      "codename": "change_pagelogentry"
    }
  },
  {
    "model": "auth.permission",
    "pk": 87,
    "fields": {
      "name": "Can delete page log entry",
      "content_type": 21,
      "codename": "delete_pagelogentry"
    }
  },
  {
    "model": "auth.permission",
    "pk": 88,
    "fields": {
      "name": "Can view page log entry",
      "content_type": 21,
      "codename": "view_pagelogentry"
    }
  },
  {
    "model": "auth.permission",
    "pk": 89,
    "fields": {
      "name": "Can add comment",
      "content_type": 22,
      "codename": "add_comment"
    }
  },
  {
    "model": "auth.permission",
    "pk": 90,
    "fields": {
      "name": "Can change comment",
      "content_type": 22,
      "codename": "change_comment"
    }
  },
  {
    "model": "auth.permission",
    "pk": 91,
    "fields": {
      "name": "Can delete comment",
      "content_type": 22,
      "codename": "delete_comment"
    }
  },
  {
    "model": "auth.permission",
    "pk": 92,
    "fields": {
      "name": "Can view comment",
      "content_type": 22,
      "codename": "view_comment"
    }
  },
  {
    "model": "auth.permission",
    "pk": 93,
    "fields": {
      "name": "Can add comment reply",
      "content_type": 23,
      "codename": "add_commentreply"
    }
  },
  {
    "model": "auth.permission",
    "pk": 94,
    "fields": {
      "name": "Can change comment reply",
      "content_type": 23,
      "codename": "change_commentreply"
    }
  },
  {
    "model": "auth.permission",
    "pk": 95,
    "fields": {
      "name": "Can delete comment reply",
      "content_type": 23,
      "codename": "delete_commentreply"
    }
  },
  {
    "model": "auth.permission",
    "pk": 96,
    "fields": {
      "name": "Can view comment reply",
      "content_type": 23,
      "codename": "view_commentreply"
    }
  },
  {
    "model": "auth.permission",
    "pk": 97,
    "fields": {
      "name": "Can add page subscription",
      "content_type": 24,
      "codename": "add_pagesubscription"
    }
  },
  {
    "model": "auth.permission",
    "pk": 98,
    "fields": {
      "name": "Can change page subscription",
      "content_type": 24,
      "codename": "change_pagesubscription"
    }
  },
  {
    "model": "auth.permission",
    "pk": 99,
    "fields": {
      "name": "Can delete page subscription",
      "content_type": 24,
      "codename": "delete_pagesubscription"
    }
  },
  {
    "model": "auth.permission",
    "pk": 100,
    "fields": {
      "name": "Can view page subscription",
      "content_type": 24,
      "codename": "view_pagesubscription"
    }
  },
  {
    "model": "auth.permission",
    "pk": 101,
    "fields": {
      "name": "Can access Wagtail admin",
      "content_type": 25,
      "codename": "access_admin"
    }
  },
  {
    "model": "auth.permission",
    "pk": 102,
    "fields": {
      "name": "Can add document",
      "content_type": 26,
      "codename": "add_document"
    }
  },
  {
    "model": "auth.permission",
    "pk": 103,
    "fields": {
      "name": "Can change document",
      "content_type": 26,
      "codename": "change_document"
    }
  },
  {
    "model": "auth.permission",
    "pk": 104,
    "fields": {
      "name": "Can delete document",
      "content_type": 26,
      "codename": "delete_document"
    }
  },
  {
    "model": "auth.permission",
    "pk": 105,
    "fields": {
      "name": "Can choose document",
      "content_type": 26,
      "codename": "choose_document"
    }
  },
  {
    "model": "auth.permission",
    "pk": 106,
    "fields": {
      "name": "Can add permission",
      "content_type": 27,
      "codename": "add_permission"
    }
  },
  {
    "model": "auth.permission",
    "pk": 107,
    "fields": {
      "name": "Can change permission",
      "content_type": 27,
      "codename": "change_permission"
    }
  },
  {
    "model": "auth.permission",
    "pk": 108,
    "fields": {
      "name": "Can delete permission",
      "content_type": 27,
      "codename": "delete_permission"
    }
  },
  {
    "model": "auth.permission",
    "pk": 109,
    "fields": {
      "name": "Can view permission",
      "content_type": 27,
      "codename": "view_permission"
    }
  },
  {
    "model": "auth.permission",
    "pk": 110,
    "fields": {
      "name": "Can add group",
      "content_type": 28,
      "codename": "add_group"
    }
  },
  {
    "model": "auth.permission",
    "pk": 111,
    "fields": {
      "name": "Can change group",
      "content_type": 28,
      "codename": "change_group"
    }
  },
  {
    "model": "auth.permission",
    "pk": 112,
    "fields": {
      "name": "Can delete group",
      "content_type": 28,
      "codename": "delete_group"
    }
  },
  {
    "model": "auth.permission",
    "pk": 113,
    "fields": {
      "name": "Can view group",
      "content_type": 28,
      "codename": "view_group"
    }
  },
  {
    "model": "auth.permission",
    "pk": 114,
    "fields": {
      "name": "Can add content type",
      "content_type": 29,
      "codename": "add_contenttype"
    }
  },
  {
    "model": "auth.permission",
    "pk": 115,
    "fields": {
      "name": "Can change content type",
      "content_type": 29,
      "codename": "change_contenttype"
    }
  },
  {
    "model": "auth.permission",
    "pk": 116,
    "fields": {
      "name": "Can delete content type",
      "content_type": 29,
      "codename": "delete_contenttype"
    }
  },
  {
    "model": "auth.permission",
    "pk": 117,
    "fields": {
      "name": "Can view content type",
      "content_type": 29,
      "codename": "view_contenttype"
    }
  },
  {
    "model": "auth.permission",
    "pk": 118,
    "fields": {
      "name": "Can add session",
      "content_type": 30,
      "codename": "add_session"
    }
  },
  {
    "model": "auth.permission",
    "pk": 119,
    "fields": {
      "name": "Can change session",
      "content_type": 30,
      "codename": "change_session"
    }
  },
  {
    "model": "auth.permission",
    "pk": 120,
    "fields": {
      "name": "Can delete session",
      "content_type": 30,
      "codename": "delete_session"
    }
  },
  {
    "model": "auth.permission",
    "pk": 121,
    "fields": {
      "name": "Can view session",
      "content_type": 30,
      "codename": "view_session"
    }
  },
  {
    "model": "auth.permission",
    "pk": 122,
    "fields": {
      "name": "Can add site",
      "content_type": 31,
      "codename": "add_site"
    }
  },
  {
    "model": "auth.permission",
    "pk": 123,
    "fields": {
      "name": "Can change site",
      "content_type": 31,
      "codename": "change_site"
    }
  },
  {
    "model": "auth.permission",
    "pk": 124,
    "fields": {
      "name": "Can delete site",
      "content_type": 31,
      "codename": "delete_site"
    }
  },
  {
    "model": "auth.permission",
    "pk": 125,
    "fields": {
      "name": "Can view site",
      "content_type": 31,
      "codename": "view_site"
    }
  },
  {
    "model": "auth.permission",
    "pk": 126,
    "fields": {
      "name": "Can add log entry",
      "content_type": 32,
      "codename": "add_logentry"
    }
  },
  {
    "model": "auth.permission",
    "pk": 127,
    "fields": {
      "name": "Can change log entry",
      "content_type": 32,
      "codename": "change_logentry"
    }
  },
  {
    "model": "auth.permission",
    "pk": 128,
    "fields": {
      "name": "Can delete log entry",
      "content_type": 32,
      "codename": "delete_logentry"
    }
  },
  {
    "model": "auth.permission",
    "pk": 129,
    "fields": {
      "name": "Can view log entry",
      "content_type": 32,
      "codename": "view_logentry"
    }
  },
  {
    "model": "auth.permission",
    "pk": 130,
    "fields": {
      "name": "Can add form submission",
      "content_type": 33,
      "codename": "add_formsubmission"
    }
  },
  {
    "model": "auth.permission",
    "pk": 131,
    "fields": {
      "name": "Can change form submission",
      "content_type": 33,
      "codename": "change_formsubmission"
    }
  },
  {
    "model": "auth.permission",
    "pk": 132,
    "fields": {
      "name": "Can delete form submission",
      "content_type": 33,
      "codename": "delete_formsubmission"
    }
  },
  {
    "model": "auth.permission",
    "pk": 133,
    "fields": {
      "name": "Can view form submission",
      "content_type": 33,
      "codename": "view_formsubmission"
    }
  },
  {
    "model": "auth.permission",
    "pk": 134,
    "fields": {
      "name": "Can add redirect",
      "content_type": 34,
      "codename": "add_redirect"
    }
  },
  {
    "model": "auth.permission",
    "pk": 135,
    "fields": {
      "name": "Can change redirect",
      "content_type": 34,
      "codename": "change_redirect"
    }
  },
  {
    "model": "auth.permission",
    "pk": 136,
    "fields": {
      "name": "Can delete redirect",
      "content_type": 34,
      "codename": "delete_redirect"
    }
  },
  {
    "model": "auth.permission",
    "pk": 137,
    "fields": {
      "name": "Can view redirect",
      "content_type": 34,
      "codename": "view_redirect"
    }
  },
  {
    "model": "auth.permission",
    "pk": 138,
    "fields": {
      "name": "Can add embed",
      "content_type": 35,
      "codename": "add_embed"
    }
  },
  {
    "model": "auth.permission",
    "pk": 139,
    "fields": {
      "name": "Can change embed",
      "content_type": 35,
      "codename": "change_embed"
    }
  },
  {
    "model": "auth.permission",
    "pk": 140,
    "fields": {
      "name": "Can delete embed",
      "content_type": 35,
      "codename": "delete_embed"
    }
  },
  {
    "model": "auth.permission",
    "pk": 141,
    "fields": {
      "name": "Can view embed",
      "content_type": 35,
      "codename": "view_embed"
    }
  },
  {
    "model": "auth.permission",
    "pk": 142,
    "fields": {
      "name": "Can add user profile",
      "content_type": 36,
      "codename": "add_userprofile"
    }
  },
  {
    "model": "auth.permission",
    "pk": 143,
    "fields": {
      "name": "Can change user profile",
      "content_type": 36,
      "codename": "change_userprofile"
    }
  },
  {
    "model": "auth.permission",
    "pk": 144,
    "fields": {
      "name": "Can delete user profile",
      "content_type": 36,
      "codename": "delete_userprofile"
    }
  },
  {
    "model": "auth.permission",
    "pk": 145,
    "fields": {
      "name": "Can view user profile",
      "content_type": 36,
      "codename": "view_userprofile"
    }
  },
  {
    "model": "auth.permission",
    "pk": 146,
    "fields": {
      "name": "Can view document",
      "content_type": 26,
      "codename": "view_document"
    }
  },
  {
    "model": "auth.permission",
    "pk": 147,
    "fields": {
      "name": "Can add uploaded document",
      "content_type": 44,
      "codename": "add_uploadeddocument"
    }
  },
  {
    "model": "auth.permission",
    "pk": 148,
    "fields": {
      "name": "Can change uploaded document",
      "content_type": 44,
      "codename": "change_uploadeddocument"
    }
  },
  {
    "model": "auth.permission",
    "pk": 149,
    "fields": {
      "name": "Can delete uploaded document",
      "content_type": 44,
      "codename": "delete_uploadeddocument"
    }
  },
  {
    "model": "auth.permission",
    "pk": 150,
    "fields": {
      "name": "Can view uploaded document",
      "content_type": 44,
      "codename": "view_uploadeddocument"
    }
  },
  {
    "model": "auth.permission",
    "pk": 151,
    "fields": {
      "name": "Can view image",
      "content_type": 2,
      "codename": "view_image"
    }
  },
  {
    "model": "auth.permission",
    "pk": 152,
    "fields": {
      "name": "Can add rendition",
      "content_type": 45,
      "codename": "add_rendition"
    }
  },
  {
    "model": "auth.permission",
    "pk": 153,
    "fields": {
      "name": "Can change rendition",
      "content_type": 45,
      "codename": "change_rendition"
    }
  },
  {
    "model": "auth.permission",
    "pk": 154,
    "fields": {
      "name": "Can delete rendition",
      "content_type": 45,
      "codename": "delete_rendition"
    }
  },
  {
    "model": "auth.permission",
    "pk": 155,
    "fields": {
      "name": "Can view rendition",
      "content_type": 45,
      "codename": "view_rendition"
    }
  },
  {
    "model": "auth.permission",
    "pk": 156,
    "fields": {
      "name": "Can add uploaded image",
      "content_type": 46,
      "codename": "add_uploadedimage"
    }
  },
  {
    "model": "auth.permission",
    "pk": 157,
    "fields": {
      "name": "Can change uploaded image",
      "content_type": 46,
      "codename": "change_uploadedimage"
    }
  },
  {
    "model": "auth.permission",
    "pk": 158,
    "fields": {
      "name": "Can delete uploaded image",
      "content_type": 46,
      "codename": "delete_uploadedimage"
    }
  },
  {
    "model": "auth.permission",
    "pk": 159,
    "fields": {
      "name": "Can view uploaded image",
      "content_type": 46,
      "codename": "view_uploadedimage"
    }
  },
  {
    "model": "auth.permission",
    "pk": 160,
    "fields": {
      "name": "Can add query",
      "content_type": 47,
      "codename": "add_query"
    }
  },
  {
    "model": "auth.permission",
    "pk": 161,
    "fields": {
      "name": "Can change query",
      "content_type": 47,
      "codename": "change_query"
    }
  },
  {
    "model": "auth.permission",
    "pk": 162,
    "fields": {
      "name": "Can delete query",
      "content_type": 47,
      "codename": "delete_query"
    }
  },
  {
    "model": "auth.permission",
    "pk": 163,
    "fields": {
      "name": "Can view query",
      "content_type": 47,
      "codename": "view_query"
    }
  },
  {
    "model": "auth.permission",
    "pk": 164,
    "fields": {
      "name": "Can add Query Daily Hits",
      "content_type": 48,
      "codename": "add_querydailyhits"
    }
  },
  {
    "model": "auth.permission",
    "pk": 165,
    "fields": {
      "name": "Can change Query Daily Hits",
      "content_type": 48,
      "codename": "change_querydailyhits"
    }
  },
  {
    "model": "auth.permission",
    "pk": 166,
    "fields": {
      "name": "Can delete Query Daily Hits",
      "content_type": 48,
      "codename": "delete_querydailyhits"
    }
  },
  {
    "model": "auth.permission",
    "pk": 167,
    "fields": {
      "name": "Can view Query Daily Hits",
      "content_type": 48,
      "codename": "view_querydailyhits"
    }
  },
  {
    "model": "auth.permission",
    "pk": 168,
    "fields": {
      "name": "Can add index entry",
      "content_type": 49,
      "codename": "add_indexentry"
    }
  },
  {
    "model": "auth.permission",
    "pk": 169,
    "fields": {
      "name": "Can change index entry",
      "content_type": 49,
      "codename": "change_indexentry"
    }
  },
  {
    "model": "auth.permission",
    "pk": 170,
    "fields": {
      "name": "Can delete index entry",
      "content_type": 49,
      "codename": "delete_indexentry"
    }
  },
  {
    "model": "auth.permission",
    "pk": 171,
    "fields": {
      "name": "Can view index entry",
      "content_type": 49,
      "codename": "view_indexentry"
    }
  },
  {
    "model": "auth.permission",
    "pk": 172,
    "fields": {
      "name": "Can add tag",
      "content_type": 50,
      "codename": "add_tag"
    }
  },
  {
    "model": "auth.permission",
    "pk": 173,
    "fields": {
      "name": "Can change tag",
      "content_type": 50,
      "codename": "change_tag"
    }
  },
  {
    "model": "auth.permission",
    "pk": 174,
    "fields": {
      "name": "Can delete tag",
      "content_type": 50,
      "codename": "delete_tag"
    }
  },
  {
    "model": "auth.permission",
    "pk": 175,
    "fields": {
      "name": "Can view tag",
      "content_type": 50,
      "codename": "view_tag"
    }
  },
  {
    "model": "auth.permission",
    "pk": 176,
    "fields": {
      "name": "Can add tagged item",
      "content_type": 51,
      "codename": "add_taggeditem"
    }
  },
  {
    "model": "auth.permission",
    "pk": 177,
    "fields": {
      "name": "Can change tagged item",
      "content_type": 51,
      "codename": "change_taggeditem"
    }
  },
  {
    "model": "auth.permission",
    "pk": 178,
    "fields": {
      "name": "Can delete tagged item",
      "content_type": 51,
      "codename": "delete_taggeditem"
    }
  },
  {
    "model": "auth.permission",
    "pk": 179,
    "fields": {
      "name": "Can view tagged item",
      "content_type": 51,
      "codename": "view_taggeditem"
    }
  },
  {
    "model": "auth.permission",
    "pk": 180,
    "fields": {
      "name": "Can add flat menu",
      "content_type": 52,
      "codename": "add_flatmenu"
    }
  },
  {
    "model": "auth.permission",
    "pk": 181,
    "fields": {
      "name": "Can change flat menu",
      "content_type": 52,
      "codename": "change_flatmenu"
    }
  },
  {
    "model": "auth.permission",
    "pk": 182,
    "fields": {
      "name": "Can delete flat menu",
      "content_type": 52,
      "codename": "delete_flatmenu"
    }
  },
  {
    "model": "auth.permission",
    "pk": 183,
    "fields": {
      "name": "Can view flat menu",
      "content_type": 52,
      "codename": "view_flatmenu"
    }
  },
  {
    "model": "auth.permission",
    "pk": 184,
    "fields": {
      "name": "Can add menu item",
      "content_type": 53,
      "codename": "add_flatmenuitem"
    }
  },
  {
    "model": "auth.permission",
    "pk": 185,
    "fields": {
      "name": "Can change menu item",
      "content_type": 53,
      "codename": "change_flatmenuitem"
    }
  },
  {
    "model": "auth.permission",
    "pk": 186,
    "fields": {
      "name": "Can delete menu item",
      "content_type": 53,
      "codename": "delete_flatmenuitem"
    }
  },
  {
    "model": "auth.permission",
    "pk": 187,
    "fields": {
      "name": "Can view menu item",
      "content_type": 53,
      "codename": "view_flatmenuitem"
    }
  },
  {
    "model": "auth.permission",
    "pk": 188,
    "fields": {
      "name": "Can add main menu",
      "content_type": 54,
      "codename": "add_mainmenu"
    }
  },
  {
    "model": "auth.permission",
    "pk": 189,
    "fields": {
      "name": "Can change main menu",
      "content_type": 54,
      "codename": "change_mainmenu"
    }
  },
  {
    "model": "auth.permission",
    "pk": 190,
    "fields": {
      "name": "Can delete main menu",
      "content_type": 54,
      "codename": "delete_mainmenu"
    }
  },
  {
    "model": "auth.permission",
    "pk": 191,
    "fields": {
      "name": "Can view main menu",
      "content_type": 54,
      "codename": "view_mainmenu"
    }
  },
  {
    "model": "auth.permission",
    "pk": 192,
    "fields": {
      "name": "Can add menu item",
      "content_type": 55,
      "codename": "add_mainmenuitem"
    }
  },
  {
    "model": "auth.permission",
    "pk": 193,
    "fields": {
      "name": "Can change menu item",
      "content_type": 55,
      "codename": "change_mainmenuitem"
    }
  },
  {
    "model": "auth.permission",
    "pk": 194,
    "fields": {
      "name": "Can delete menu item",
      "content_type": 55,
      "codename": "delete_mainmenuitem"
    }
  },
  {
    "model": "auth.permission",
    "pk": 195,
    "fields": {
      "name": "Can view menu item",
      "content_type": 55,
      "codename": "view_mainmenuitem"
    }
  },
  {
    "model": "auth.permission",
    "pk": 196,
    "fields": {
      "name": "Can add email address",
      "content_type": 56,
      "codename": "add_emailaddress"
    }
  },
  {
    "model": "auth.permission",
    "pk": 197,
    "fields": {
      "name": "Can change email address",
      "content_type": 56,
      "codename": "change_emailaddress"
    }
  },
  {
    "model": "auth.permission",
    "pk": 198,
    "fields": {
      "name": "Can delete email address",
      "content_type": 56,
      "codename": "delete_emailaddress"
    }
  },
  {
    "model": "auth.permission",
    "pk": 199,
    "fields": {
      "name": "Can view email address",
      "content_type": 56,
      "codename": "view_emailaddress"
    }
  },
  {
    "model": "auth.permission",
    "pk": 200,
    "fields": {
      "name": "Can add email confirmation",
      "content_type": 57,
      "codename": "add_emailconfirmation"
    }
  },
  {
    "model": "auth.permission",
    "pk": 201,
    "fields": {
      "name": "Can change email confirmation",
      "content_type": 57,
      "codename": "change_emailconfirmation"
    }
  },
  {
    "model": "auth.permission",
    "pk": 202,
    "fields": {
      "name": "Can delete email confirmation",
      "content_type": 57,
      "codename": "delete_emailconfirmation"
    }
  },
  {
    "model": "auth.permission",
    "pk": 203,
    "fields": {
      "name": "Can view email confirmation",
      "content_type": 57,
      "codename": "view_emailconfirmation"
    }
  },
  {
    "model": "auth.permission",
    "pk": 204,
    "fields": {
      "name": "Can add social account",
      "content_type": 58,
      "codename": "add_socialaccount"
    }
  },
  {
    "model": "auth.permission",
    "pk": 205,
    "fields": {
      "name": "Can change social account",
      "content_type": 58,
      "codename": "change_socialaccount"
    }
  },
  {
    "model": "auth.permission",
    "pk": 206,
    "fields": {
      "name": "Can delete social account",
      "content_type": 58,
      "codename": "delete_socialaccount"
    }
  },
  {
    "model": "auth.permission",
    "pk": 207,
    "fields": {
      "name": "Can view social account",
      "content_type": 58,
      "codename": "view_socialaccount"
    }
  },
  {
    "model": "auth.permission",
    "pk": 208,
    "fields": {
      "name": "Can add social application",
      "content_type": 59,
      "codename": "add_socialapp"
    }
  },
  {
    "model": "auth.permission",
    "pk": 209,
    "fields": {
      "name": "Can change social application",
      "content_type": 59,
      "codename": "change_socialapp"
    }
  },
  {
    "model": "auth.permission",
    "pk": 210,
    "fields": {
      "name": "Can delete social application",
      "content_type": 59,
      "codename": "delete_socialapp"
    }
  },
  {
    "model": "auth.permission",
    "pk": 211,
    "fields": {
      "name": "Can view social application",
      "content_type": 59,
      "codename": "view_socialapp"
    }
  },
  {
    "model": "auth.permission",
    "pk": 212,
    "fields": {
      "name": "Can add social application token",
      "content_type": 60,
      "codename": "add_socialtoken"
    }
  },
  {
    "model": "auth.permission",
    "pk": 213,
    "fields": {
      "name": "Can change social application token",
      "content_type": 60,
      "codename": "change_socialtoken"
    }
  },
  {
    "model": "auth.permission",
    "pk": 214,
    "fields": {
      "name": "Can delete social application token",
      "content_type": 60,
      "codename": "delete_socialtoken"
    }
  },
  {
    "model": "auth.permission",
    "pk": 215,
    "fields": {
      "name": "Can view social application token",
      "content_type": 60,
      "codename": "view_socialtoken"
    }
  },
  {
    "model": "auth.permission",
    "pk": 216,
    "fields": {
      "name": "Can add user",
      "content_type": 61,
      "codename": "add_user"
    }
  },
  {
    "model": "auth.permission",
    "pk": 217,
    "fields": {
      "name": "Can change user",
      "content_type": 61,
      "codename": "change_user"
    }
  },
  {
    "model": "auth.permission",
    "pk": 218,
    "fields": {
      "name": "Can delete user",
      "content_type": 61,
      "codename": "delete_user"
    }
  },
  {
    "model": "auth.permission",
    "pk": 219,
    "fields": {
      "name": "Can view user",
      "content_type": 61,
      "codename": "view_user"
    }
  },
  {
    "model": "auth.permission",
    "pk": 220,
    "fields": {
      "name": "Can add additional information",
      "content_type": 37,
      "codename": "add_additionalinformation"
    }
  },
  {
    "model": "auth.permission",
    "pk": 221,
    "fields": {
      "name": "Can change additional information",
      "content_type": 37,
      "codename": "change_additionalinformation"
    }
  },
  {
    "model": "auth.permission",
    "pk": 222,
    "fields": {
      "name": "Can delete additional information",
      "content_type": 37,
      "codename": "delete_additionalinformation"
    }
  },
  {
    "model": "auth.permission",
    "pk": 223,
    "fields": {
      "name": "Can view additional information",
      "content_type": 37,
      "codename": "view_additionalinformation"
    }
  },
  {
    "model": "auth.permission",
    "pk": 224,
    "fields": {
      "name": "Can add custom image",
      "content_type": 39,
      "codename": "add_customimage"
    }
  },
  {
    "model": "auth.permission",
    "pk": 225,
    "fields": {
      "name": "Can change custom image",
      "content_type": 39,
      "codename": "change_customimage"
    }
  },
  {
    "model": "auth.permission",
    "pk": 226,
    "fields": {
      "name": "Can delete custom image",
      "content_type": 39,
      "codename": "delete_customimage"
    }
  },
  {
    "model": "auth.permission",
    "pk": 227,
    "fields": {
      "name": "Can view custom image",
      "content_type": 39,
      "codename": "view_customimage"
    }
  },
  {
    "model": "auth.permission",
    "pk": 228,
    "fields": {
      "name": "Can add footer titles",
      "content_type": 41,
      "codename": "add_footertitles"
    }
  },
  {
    "model": "auth.permission",
    "pk": 229,
    "fields": {
      "name": "Can change footer titles",
      "content_type": 41,
      "codename": "change_footertitles"
    }
  },
  {
    "model": "auth.permission",
    "pk": 230,
    "fields": {
      "name": "Can delete footer titles",
      "content_type": 41,
      "codename": "delete_footertitles"
    }
  },
  {
    "model": "auth.permission",
    "pk": 231,
    "fields": {
      "name": "Can view footer titles",
      "content_type": 41,
      "codename": "view_footertitles"
    }
  },
  {
    "model": "auth.permission",
    "pk": 232,
    "fields": {
      "name": "Can add homepage",
      "content_type": 62,
      "codename": "add_homepage"
    }
  },
  {
    "model": "auth.permission",
    "pk": 233,
    "fields": {
      "name": "Can change homepage",
      "content_type": 62,
      "codename": "change_homepage"
    }
  },
  {
    "model": "auth.permission",
    "pk": 234,
    "fields": {
      "name": "Can delete homepage",
      "content_type": 62,
      "codename": "delete_homepage"
    }
  },
  {
    "model": "auth.permission",
    "pk": 235,
    "fields": {
      "name": "Can view homepage",
      "content_type": 62,
      "codename": "view_homepage"
    }
  },
  {
    "model": "auth.permission",
    "pk": 236,
    "fields": {
      "name": "Can add website pages",
      "content_type": 43,
      "codename": "add_websitepages"
    }
  },
  {
    "model": "auth.permission",
    "pk": 237,
    "fields": {
      "name": "Can change website pages",
      "content_type": 43,
      "codename": "change_websitepages"
    }
  },
  {
    "model": "auth.permission",
    "pk": 238,
    "fields": {
      "name": "Can delete website pages",
      "content_type": 43,
      "codename": "delete_websitepages"
    }
  },
  {
    "model": "auth.permission",
    "pk": 239,
    "fields": {
      "name": "Can view website pages",
      "content_type": 43,
      "codename": "view_websitepages"
    }
  },
  {
    "model": "auth.permission",
    "pk": 240,
    "fields": {
      "name": "Can add review home",
      "content_type": 63,
      "codename": "add_reviewhome"
    }
  },
  {
    "model": "auth.permission",
    "pk": 241,
    "fields": {
      "name": "Can change review home",
      "content_type": 63,
      "codename": "change_reviewhome"
    }
  },
  {
    "model": "auth.permission",
    "pk": 242,
    "fields": {
      "name": "Can delete review home",
      "content_type": 63,
      "codename": "delete_reviewhome"
    }
  },
  {
    "model": "auth.permission",
    "pk": 243,
    "fields": {
      "name": "Can view review home",
      "content_type": 63,
      "codename": "view_reviewhome"
    }
  },
  {
    "model": "auth.permission",
    "pk": 244,
    "fields": {
      "name": "Can add footer contact",
      "content_type": 40,
      "codename": "add_footercontact"
    }
  },
  {
    "model": "auth.permission",
    "pk": 245,
    "fields": {
      "name": "Can change footer contact",
      "content_type": 40,
      "codename": "change_footercontact"
    }
  },
  {
    "model": "auth.permission",
    "pk": 246,
    "fields": {
      "name": "Can delete footer contact",
      "content_type": 40,
      "codename": "delete_footercontact"
    }
  },
  {
    "model": "auth.permission",
    "pk": 247,
    "fields": {
      "name": "Can view footer contact",
      "content_type": 40,
      "codename": "view_footercontact"
    }
  },
  {
    "model": "auth.permission",
    "pk": 248,
    "fields": {
      "name": "Can add faqs",
      "content_type": 64,
      "codename": "add_faqs"
    }
  },
  {
    "model": "auth.permission",
    "pk": 249,
    "fields": {
      "name": "Can change faqs",
      "content_type": 64,
      "codename": "change_faqs"
    }
  },
  {
    "model": "auth.permission",
    "pk": 250,
    "fields": {
      "name": "Can delete faqs",
      "content_type": 64,
      "codename": "delete_faqs"
    }
  },
  {
    "model": "auth.permission",
    "pk": 251,
    "fields": {
      "name": "Can view faqs",
      "content_type": 64,
      "codename": "view_faqs"
    }
  },
  {
    "model": "auth.permission",
    "pk": 252,
    "fields": {
      "name": "Can add category",
      "content_type": 38,
      "codename": "add_category"
    }
  },
  {
    "model": "auth.permission",
    "pk": 253,
    "fields": {
      "name": "Can change category",
      "content_type": 38,
      "codename": "change_category"
    }
  },
  {
    "model": "auth.permission",
    "pk": 254,
    "fields": {
      "name": "Can delete category",
      "content_type": 38,
      "codename": "delete_category"
    }
  },
  {
    "model": "auth.permission",
    "pk": 255,
    "fields": {
      "name": "Can view category",
      "content_type": 38,
      "codename": "view_category"
    }
  },
  {
    "model": "auth.permission",
    "pk": 256,
    "fields": {
      "name": "Can add products page",
      "content_type": 65,
      "codename": "add_productspage"
    }
  },
  {
    "model": "auth.permission",
    "pk": 257,
    "fields": {
      "name": "Can change products page",
      "content_type": 65,
      "codename": "change_productspage"
    }
  },
  {
    "model": "auth.permission",
    "pk": 258,
    "fields": {
      "name": "Can delete products page",
      "content_type": 65,
      "codename": "delete_productspage"
    }
  },
  {
    "model": "auth.permission",
    "pk": 259,
    "fields": {
      "name": "Can view products page",
      "content_type": 65,
      "codename": "view_productspage"
    }
  },
  {
    "model": "auth.permission",
    "pk": 260,
    "fields": {
      "name": "Can add supplier",
      "content_type": 42,
      "codename": "add_supplier"
    }
  },
  {
    "model": "auth.permission",
    "pk": 261,
    "fields": {
      "name": "Can change supplier",
      "content_type": 42,
      "codename": "change_supplier"
    }
  },
  {
    "model": "auth.permission",
    "pk": 262,
    "fields": {
      "name": "Can delete supplier",
      "content_type": 42,
      "codename": "delete_supplier"
    }
  },
  {
    "model": "auth.permission",
    "pk": 263,
    "fields": {
      "name": "Can view supplier",
      "content_type": 42,
      "codename": "view_supplier"
    }
  },
  {
    "model": "auth.permission",
    "pk": 264,
    "fields": {
      "name": "Can add products",
      "content_type": 66,
      "codename": "add_products"
    }
  },
  {
    "model": "auth.permission",
    "pk": 265,
    "fields": {
      "name": "Can change products",
      "content_type": 66,
      "codename": "change_products"
    }
  },
  {
    "model": "auth.permission",
    "pk": 266,
    "fields": {
      "name": "Can delete products",
      "content_type": 66,
      "codename": "delete_products"
    }
  },
  {
    "model": "auth.permission",
    "pk": 267,
    "fields": {
      "name": "Can view products",
      "content_type": 66,
      "codename": "view_products"
    }
  },
  {
    "model": "auth.permission",
    "pk": 268,
    "fields": {
      "name": "Can add project",
      "content_type": 67,
      "codename": "add_project"
    }
  },
  {
    "model": "auth.permission",
    "pk": 269,
    "fields": {
      "name": "Can change project",
      "content_type": 67,
      "codename": "change_project"
    }
  },
  {
    "model": "auth.permission",
    "pk": 270,
    "fields": {
      "name": "Can delete project",
      "content_type": 67,
      "codename": "delete_project"
    }
  },
  {
    "model": "auth.permission",
    "pk": 271,
    "fields": {
      "name": "Can view project",
      "content_type": 67,
      "codename": "view_project"
    }
  },
  {
    "model": "auth.permission",
    "pk": 272,
    "fields": {
      "name": "Can add client",
      "content_type": 68,
      "codename": "add_client"
    }
  },
  {
    "model": "auth.permission",
    "pk": 273,
    "fields": {
      "name": "Can change client",
      "content_type": 68,
      "codename": "change_client"
    }
  },
  {
    "model": "auth.permission",
    "pk": 274,
    "fields": {
      "name": "Can delete client",
      "content_type": 68,
      "codename": "delete_client"
    }
  },
  {
    "model": "auth.permission",
    "pk": 275,
    "fields": {
      "name": "Can view client",
      "content_type": 68,
      "codename": "view_client"
    }
  },
  {
    "model": "auth.group",
    "pk": 1,
    "fields": {
      "name": "Moderators",
      "permissions": [
        101,
        102,
        103,
        105,
        104,
        1,
        2,
        3
      ]
    }
  },
  {
    "model": "auth.group",
    "pk": 2,
    "fields": {
      "name": "Editors",
      "permissions": [
        101,
        102,
        103,
        105,
        104,
        1,
        2,
        3
      ]
    }
  },
  {
    "model": "contenttypes.contenttype",
    "pk": 1,
    "fields": {
      "app_label": "wagtailcore",
      "model": "page"
    }
  },
  {
    "model": "contenttypes.contenttype",
    "pk": 2,
    "fields": {
      "app_label": "wagtailimages",
      "model": "image"
    }
  },
  {
    "model": "contenttypes.contenttype",
    "pk": 3,
    "fields": {
      "app_label": "wagtailcore",
      "model": "groupapprovaltask"
    }
  },
  {
    "model": "contenttypes.contenttype",
    "pk": 4,
    "fields": {
      "app_label": "wagtailcore",
      "model": "locale"
    }
  },
  {
    "model": "contenttypes.contenttype",
    "pk": 5,
    "fields": {
      "app_label": "wagtailcore",
      "model": "site"
    }
  },
  {
    "model": "contenttypes.contenttype",
    "pk": 6,
    "fields": {
      "app_label": "wagtailcore",
      "model": "modellogentry"
    }
  },
  {
    "model": "contenttypes.contenttype",
    "pk": 7,
    "fields": {
      "app_label": "wagtailcore",
      "model": "collectionviewrestriction"
    }
  },
  {
    "model": "contenttypes.contenttype",
    "pk": 8,
    "fields": {
      "app_label": "wagtailcore",
      "model": "collection"
    }
  },
  {
    "model": "contenttypes.contenttype",
    "pk": 9,
    "fields": {
      "app_label": "wagtailcore",
      "model": "groupcollectionpermission"
    }
  },
  {
    "model": "contenttypes.contenttype",
    "pk": 10,
    "fields": {
      "app_label": "wagtailcore",
      "model": "referenceindex"
    }
  },
  {
    "model": "contenttypes.contenttype",
    "pk": 11,
    "fields": {
      "app_label": "wagtailcore",
      "model": "revision"
    }
  },
  {
    "model": "contenttypes.contenttype",
    "pk": 12,
    "fields": {
      "app_label": "wagtailcore",
      "model": "grouppagepermission"
    }
  },
  {
    "model": "contenttypes.contenttype",
    "pk": 13,
    "fields": {
      "app_label": "wagtailcore",
      "model": "pageviewrestriction"
    }
  },
  {
    "model": "contenttypes.contenttype",
    "pk": 14,
    "fields": {
      "app_label": "wagtailcore",
      "model": "workflowpage"
    }
  },
  {
    "model": "contenttypes.contenttype",
    "pk": 15,
    "fields": {
      "app_label": "wagtailcore",
      "model": "workflowcontenttype"
    }
  },
  {
    "model": "contenttypes.contenttype",
    "pk": 16,
    "fields": {
      "app_label": "wagtailcore",
      "model": "workflowtask"
    }
  },
  {
    "model": "contenttypes.contenttype",
    "pk": 17,
    "fields": {
      "app_label": "wagtailcore",
      "model": "task"
    }
  },
  {
    "model": "contenttypes.contenttype",
    "pk": 18,
    "fields": {
      "app_label": "wagtailcore",
      "model": "workflow"
    }
  },
  {
    "model": "contenttypes.contenttype",
    "pk": 19,
    "fields": {
      "app_label": "wagtailcore",
      "model": "workflowstate"
    }
  },
  {
    "model": "contenttypes.contenttype",
    "pk": 20,
    "fields": {
      "app_label": "wagtailcore",
      "model": "taskstate"
    }
  },
  {
    "model": "contenttypes.contenttype",
    "pk": 21,
    "fields": {
      "app_label": "wagtailcore",
      "model": "pagelogentry"
    }
  },
  {
    "model": "contenttypes.contenttype",
    "pk": 22,
    "fields": {
      "app_label": "wagtailcore",
      "model": "comment"
    }
  },
  {
    "model": "contenttypes.contenttype",
    "pk": 23,
    "fields": {
      "app_label": "wagtailcore",
      "model": "commentreply"
    }
  },
  {
    "model": "contenttypes.contenttype",
    "pk": 24,
    "fields": {
      "app_label": "wagtailcore",
      "model": "pagesubscription"
    }
  },
  {
    "model": "contenttypes.contenttype",
    "pk": 25,
    "fields": {
      "app_label": "wagtailadmin",
      "model": "admin"
    }
  },
  {
    "model": "contenttypes.contenttype",
    "pk": 26,
    "fields": {
      "app_label": "wagtaildocs",
      "model": "document"
    }
  },
  {
    "model": "contenttypes.contenttype",
    "pk": 27,
    "fields": {
      "app_label": "auth",
      "model": "permission"
    }
  },
  {
    "model": "contenttypes.contenttype",
    "pk": 28,
    "fields": {
      "app_label": "auth",
      "model": "group"
    }
  },
  {
    "model": "contenttypes.contenttype",
    "pk": 29,
    "fields": {
      "app_label": "contenttypes",
      "model": "contenttype"
    }
  },
  {
    "model": "contenttypes.contenttype",
    "pk": 30,
    "fields": {
      "app_label": "sessions",
      "model": "session"
    }
  },
  {
    "model": "contenttypes.contenttype",
    "pk": 31,
    "fields": {
      "app_label": "sites",
      "model": "site"
    }
  },
  {
    "model": "contenttypes.contenttype",
    "pk": 32,
    "fields": {
      "app_label": "admin",
      "model": "logentry"
    }
  },
  {
    "model": "contenttypes.contenttype",
    "pk": 33,
    "fields": {
      "app_label": "wagtailforms",
      "model": "formsubmission"
    }
  },
  {
    "model": "contenttypes.contenttype",
    "pk": 34,
    "fields": {
      "app_label": "wagtailredirects",
      "model": "redirect"
    }
  },
  {
    "model": "contenttypes.contenttype",
    "pk": 35,
    "fields": {
      "app_label": "wagtailembeds",
      "model": "embed"
    }
  },
  {
    "model": "contenttypes.contenttype",
    "pk": 36,
    "fields": {
      "app_label": "wagtailusers",
      "model": "userprofile"
    }
  },
  {
    "model": "contenttypes.contenttype",
    "pk": 37,
    "fields": {
      "app_label": "landingpage",
      "model": "additionalinformation"
    }
  },
  {
    "model": "contenttypes.contenttype",
    "pk": 38,
    "fields": {
      "app_label": "products",
      "model": "category"
    }
  },
  {
    "model": "contenttypes.contenttype",
    "pk": 39,
    "fields": {
      "app_label": "landingpage",
      "model": "customimage"
    }
  },
  {
    "model": "contenttypes.contenttype",
    "pk": 40,
    "fields": {
      "app_label": "landingpage",
      "model": "footercontact"
    }
  },
  {
    "model": "contenttypes.contenttype",
    "pk": 41,
    "fields": {
      "app_label": "landingpage",
      "model": "footertitles"
    }
  },
  {
    "model": "contenttypes.contenttype",
    "pk": 42,
    "fields": {
      "app_label": "products",
      "model": "supplier"
    }
  },
  {
    "model": "contenttypes.contenttype",
    "pk": 43,
    "fields": {
      "app_label": "landingpage",
      "model": "websitepages"
    }
  },
  {
    "model": "contenttypes.contenttype",
    "pk": 44,
    "fields": {
      "app_label": "wagtaildocs",
      "model": "uploadeddocument"
    }
  },
  {
    "model": "contenttypes.contenttype",
    "pk": 45,
    "fields": {
      "app_label": "wagtailimages",
      "model": "rendition"
    }
  },
  {
    "model": "contenttypes.contenttype",
    "pk": 46,
    "fields": {
      "app_label": "wagtailimages",
      "model": "uploadedimage"
    }
  },
  {
    "model": "contenttypes.contenttype",
    "pk": 47,
    "fields": {
      "app_label": "wagtailsearch",
      "model": "query"
    }
  },
  {
    "model": "contenttypes.contenttype",
    "pk": 48,
    "fields": {
      "app_label": "wagtailsearch",
      "model": "querydailyhits"
    }
  },
  {
    "model": "contenttypes.contenttype",
    "pk": 49,
    "fields": {
      "app_label": "wagtailsearch",
      "model": "indexentry"
    }
  },
  {
    "model": "contenttypes.contenttype",
    "pk": 50,
    "fields": {
      "app_label": "taggit",
      "model": "tag"
    }
  },
  {
    "model": "contenttypes.contenttype",
    "pk": 51,
    "fields": {
      "app_label": "taggit",
      "model": "taggeditem"
    }
  },
  {
    "model": "contenttypes.contenttype",
    "pk": 52,
    "fields": {
      "app_label": "wagtailmenus",
      "model": "flatmenu"
    }
  },
  {
    "model": "contenttypes.contenttype",
    "pk": 53,
    "fields": {
      "app_label": "wagtailmenus",
      "model": "flatmenuitem"
    }
  },
  {
    "model": "contenttypes.contenttype",
    "pk": 54,
    "fields": {
      "app_label": "wagtailmenus",
      "model": "mainmenu"
    }
  },
  {
    "model": "contenttypes.contenttype",
    "pk": 55,
    "fields": {
      "app_label": "wagtailmenus",
      "model": "mainmenuitem"
    }
  },
  {
    "model": "contenttypes.contenttype",
    "pk": 56,
    "fields": {
      "app_label": "account",
      "model": "emailaddress"
    }
  },
  {
    "model": "contenttypes.contenttype",
    "pk": 57,
    "fields": {
      "app_label": "account",
      "model": "emailconfirmation"
    }
  },
  {
    "model": "contenttypes.contenttype",
    "pk": 58,
    "fields": {
      "app_label": "socialaccount",
      "model": "socialaccount"
    }
  },
  {
    "model": "contenttypes.contenttype",
    "pk": 59,
    "fields": {
      "app_label": "socialaccount",
      "model": "socialapp"
    }
  },
  {
    "model": "contenttypes.contenttype",
    "pk": 60,
    "fields": {
      "app_label": "socialaccount",
      "model": "socialtoken"
    }
  },
  {
    "model": "contenttypes.contenttype",
    "pk": 61,
    "fields": {
      "app_label": "users",
      "model": "user"
    }
  },
  {
    "model": "contenttypes.contenttype",
    "pk": 62,
    "fields": {
      "app_label": "landingpage",
      "model": "homepage"
    }
  },
  {
    "model": "contenttypes.contenttype",
    "pk": 63,
    "fields": {
      "app_label": "landingpage",
      "model": "reviewhome"
    }
  },
  {
    "model": "contenttypes.contenttype",
    "pk": 64,
    "fields": {
      "app_label": "landingpage",
      "model": "faqs"
    }
  },
  {
    "model": "contenttypes.contenttype",
    "pk": 65,
    "fields": {
      "app_label": "products",
      "model": "productspage"
    }
  },
  {
    "model": "contenttypes.contenttype",
    "pk": 66,
    "fields": {
      "app_label": "products",
      "model": "products"
    }
  },
  {
    "model": "contenttypes.contenttype",
    "pk": 67,
    "fields": {
      "app_label": "projects",
      "model": "project"
    }
  },
  {
    "model": "contenttypes.contenttype",
    "pk": 68,
    "fields": {
      "app_label": "clients",
      "model": "client"
    }
  },
  {
    "model": "sessions.session",
    "pk": "ls0o1ff0o4ef4x8u4o3hk7cwlcg3fzwy",
    "fields": {
      "session_data": ".eJxVkEluxCAQRe_CumMxg73MPmdABZTbpB1oAc6gKHePHXXSyqqken-Q_ieBEMqWu3vFmuaE0eELpJVMeVvX0x_dGlYyEUFOxDVsLZXs8P2a6geZGKejpnQnV2jtrdToKjbs7oI7JUEAx_ODZiLYUXIepfLALVNCGKBMgg-otD6SYevLT5VL8bft_vMQLpgPEJ8hn8sQSu41-eGQDDfahqcScX28af8FLNCW3c24VWZk0VqlovFCUcVsNDpy4b2VUc7I0IO0lgdrZh5mOjPwTGq9HxXIfZYjG3NPAfq-HPR9DENHybShZtBSSC6-vgF1rXLU:1rgXND:PwZS4ApdYLOY_8IMIo6rYb3h67UPwwQ_rJ6ED4k5BiU",
      "expire_date": "2024-03-16T21:58:27.706Z"
    }
  },
  {
    "model": "sites.site",
    "pk": 1,
    "fields": {
      "domain": "example.com",
      "name": "AsyQuote"
    }
  },
  {
    "model": "admin.logentry",
    "pk": 1,
    "fields": {
      "action_time": "2024-03-02T19:34:36.909Z",
      "user": 1,
      "content_type": 61,
      "object_id": "2",
      "object_repr": "goncalo",
      "action_flag": 3,
      "change_message": ""
    }
  },
  {
    "model": "wagtailimages.image",
    "pk": 1,
    "fields": {
      "collection": 1,
      "title": "Construction-Illustration",
      "file": "original_images/Construction-Illustration_yFdiLU7.jpg",
      "width": 2000,
      "height": 1500,
      "created_at": "2024-03-01T11:49:44.854Z",
      "uploaded_by_user": 1,
      "focal_point_x": null,
      "focal_point_y": null,
      "focal_point_width": null,
      "focal_point_height": null,
      "file_size": 79850,
      "file_hash": "85f1de896ca21d7df79ea2be4ee600bd4fcf7f79"
    }
  },
  {
    "model": "wagtailimages.image",
    "pk": 2,
    "fields": {
      "collection": 1,
      "title": "obrascompinta-removebg-preview",
      "file": "original_images/obrascompinta-removebg-preview_cIbnNOd.png",
      "width": 518,
      "height": 482,
      "created_at": "2024-03-01T11:50:34.026Z",
      "uploaded_by_user": 1,
      "focal_point_x": null,
      "focal_point_y": null,
      "focal_point_width": null,
      "focal_point_height": null,
      "file_size": 74756,
      "file_hash": "9ad0b042bf894bbfff17c717eddd98c955875d09"
    }
  },
  {
    "model": "wagtailimages.image",
    "pk": 3,
    "fields": {
      "collection": 1,
      "title": "Multitasking-bro_1",
      "file": "original_images/Multitasking-bro_1_Zzi9IxT.png",
      "width": 450,
      "height": 450,
      "created_at": "2024-03-01T11:51:09.122Z",
      "uploaded_by_user": 1,
      "focal_point_x": null,
      "focal_point_y": null,
      "focal_point_width": null,
      "focal_point_height": null,
      "file_size": 61168,
      "file_hash": "ff6c744220f0b1d623e8837548cd0d743283963d"
    }
  },
  {
    "model": "wagtailimages.image",
    "pk": 4,
    "fields": {
      "collection": 1,
      "title": "6491986_1",
      "file": "original_images/6491986_1_6B7ccCS.png",
      "width": 450,
      "height": 400,
      "created_at": "2024-03-01T11:51:21.618Z",
      "uploaded_by_user": 1,
      "focal_point_x": null,
      "focal_point_y": null,
      "focal_point_width": null,
      "focal_point_height": null,
      "file_size": 59898,
      "file_hash": "ac7c407e068ebf0bee8d59eaa1e205aefc650007"
    }
  },
  {
    "model": "wagtailimages.image",
    "pk": 5,
    "fields": {
      "collection": 1,
      "title": "data_1",
      "file": "original_images/data_1_IMwhhsw.png",
      "width": 410,
      "height": 440,
      "created_at": "2024-03-01T11:51:30.707Z",
      "uploaded_by_user": 1,
      "focal_point_x": null,
      "focal_point_y": null,
      "focal_point_width": null,
      "focal_point_height": null,
      "file_size": 117289,
      "file_hash": "065f2b8dd6fd0ad52c955d4e4a2be25207597a5f"
    }
  },
  {
    "model": "wagtailimages.image",
    "pk": 6,
    "fields": {
      "collection": 1,
      "title": "image_1",
      "file": "original_images/image_1_LAj3GAg.png",
      "width": 30,
      "height": 30,
      "created_at": "2024-03-01T11:56:37.451Z",
      "uploaded_by_user": 1,
      "focal_point_x": null,
      "focal_point_y": null,
      "focal_point_width": null,
      "focal_point_height": null,
      "file_size": 493,
      "file_hash": "897de54e1335d098ee1a6376b691fae6fd1679a8"
    }
  },
  {
    "model": "wagtailimages.image",
    "pk": 7,
    "fields": {
      "collection": 1,
      "title": "image_2",
      "file": "original_images/image_2_ETbpqid.png",
      "width": 30,
      "height": 30,
      "created_at": "2024-03-01T11:56:53.907Z",
      "uploaded_by_user": 1,
      "focal_point_x": null,
      "focal_point_y": null,
      "focal_point_width": null,
      "focal_point_height": null,
      "file_size": 622,
      "file_hash": "884304c377cb80ccf8321053335ee8072a952852"
    }
  },
  {
    "model": "wagtailimages.rendition",
    "pk": 1,
    "fields": {
      "filter_spec": "max-165x165",
      "file": "images/Construction-Illustration_yFdiLU7.max-165x165.jpg",
      "width": 165,
      "height": 123,
      "focal_point_key": "",
      "image": 1
    }
  },
  {
    "model": "wagtailimages.rendition",
    "pk": 2,
    "fields": {
      "filter_spec": "max-165x165",
      "file": "images/obrascompinta-removebg-preview_cIbnNOd.max-165x165.png",
      "width": 165,
      "height": 153,
      "focal_point_key": "",
      "image": 2
    }
  },
  {
    "model": "wagtailimages.rendition",
    "pk": 3,
    "fields": {
      "filter_spec": "max-165x165",
      "file": "images/Multitasking-bro_1_Zzi9IxT.max-165x165.png",
      "width": 165,
      "height": 165,
      "focal_point_key": "",
      "image": 3
    }
  },
  {
    "model": "wagtailimages.rendition",
    "pk": 4,
    "fields": {
      "filter_spec": "max-165x165",
      "file": "images/6491986_1_6B7ccCS.max-165x165.png",
      "width": 165,
      "height": 146,
      "focal_point_key": "",
      "image": 4
    }
  },
  {
    "model": "wagtailimages.rendition",
    "pk": 5,
    "fields": {
      "filter_spec": "max-165x165",
      "file": "images/data_1_IMwhhsw.max-165x165.png",
      "width": 153,
      "height": 165,
      "focal_point_key": "",
      "image": 5
    }
  },
  {
    "model": "wagtailimages.rendition",
    "pk": 6,
    "fields": {
      "filter_spec": "width-1000",
      "file": "images/Construction-Illustration_yFdiLU7.width-1000.jpg",
      "width": 1000,
      "height": 750,
      "focal_point_key": "",
      "image": 1
    }
  },
  {
    "model": "wagtailimages.rendition",
    "pk": 7,
    "fields": {
      "filter_spec": "width-200",
      "file": "images/obrascompinta-removebg-preview_cIbnNOd.width-200.png",
      "width": 200,
      "height": 186,
      "focal_point_key": "",
      "image": 2
    }
  },
  {
    "model": "wagtailimages.rendition",
    "pk": 8,
    "fields": {
      "filter_spec": "width-600",
      "file": "images/Multitasking-bro_1_Zzi9IxT.width-600.png",
      "width": 450,
      "height": 450,
      "focal_point_key": "",
      "image": 3
    }
  },
  {
    "model": "wagtailimages.rendition",
    "pk": 9,
    "fields": {
      "filter_spec": "width-600",
      "file": "images/6491986_1_6B7ccCS.width-600.png",
      "width": 450,
      "height": 400,
      "focal_point_key": "",
      "image": 4
    }
  },
  {
    "model": "wagtailimages.rendition",
    "pk": 10,
    "fields": {
      "filter_spec": "width-600",
      "file": "images/data_1_IMwhhsw.width-600.png",
      "width": 410,
      "height": 440,
      "focal_point_key": "",
      "image": 5
    }
  },
  {
    "model": "wagtailimages.rendition",
    "pk": 11,
    "fields": {
      "filter_spec": "max-165x165",
      "file": "images/image_1_LAj3GAg.max-165x165.png",
      "width": 30,
      "height": 30,
      "focal_point_key": "",
      "image": 6
    }
  },
  {
    "model": "wagtailimages.rendition",
    "pk": 12,
    "fields": {
      "filter_spec": "max-165x165",
      "file": "images/image_2_ETbpqid.max-165x165.png",
      "width": 30,
      "height": 30,
      "focal_point_key": "",
      "image": 7
    }
  },
  {
    "model": "wagtailimages.rendition",
    "pk": 13,
    "fields": {
      "filter_spec": "width-30",
      "file": "images/image_1_LAj3GAg.width-30.png",
      "width": 30,
      "height": 30,
      "focal_point_key": "",
      "image": 6
    }
  },
  {
    "model": "wagtailimages.rendition",
    "pk": 14,
    "fields": {
      "filter_spec": "width-30",
      "file": "images/image_2_ETbpqid.width-30.png",
      "width": 30,
      "height": 30,
      "focal_point_key": "",
      "image": 7
    }
  },
  {
    "model": "wagtailsearch.indexentry",
    "pk": 1,
    "fields": {
      "content_type": 1,
      "object_id": "1",
      "title_norm": 1.5,
      "autocomplete": "'root':1",
      "title": "'root':1B",
      "body": ""
    }
  },
  {
    "model": "wagtailsearch.indexentry",
    "pk": 2,
    "fields": {
      "content_type": 62,
      "object_id": "3",
      "title_norm": 2.25,
      "autocomplete": "'homepage':1",
      "title": "'homepag':1B",
      "body": ""
    }
  },
  {
    "model": "wagtailsearch.indexentry",
    "pk": 5,
    "fields": {
      "content_type": 65,
      "object_id": "4",
      "title_norm": 1.5,
      "autocomplete": "'produtos':1",
      "title": "'produto':1B",
      "body": ""
    }
  },
  {
    "model": "wagtailsearch.indexentry",
    "pk": 8,
    "fields": {
      "content_type": 2,
      "object_id": "1",
      "title_norm": 0.5,
      "autocomplete": "'construction':2 'construction-illustration':1 'illustration':3",
      "title": "'construct':2A 'construction-illustr':1A 'illustr':3A",
      "body": ""
    }
  },
  {
    "model": "wagtailsearch.indexentry",
    "pk": 10,
    "fields": {
      "content_type": 2,
      "object_id": "2",
      "title_norm": 0.5,
      "autocomplete": "'obrascompinta':2 'obrascompinta-removebg-preview':1 'preview':4 'removebg':3",
      "title": "'obrascompinta':2A 'obrascompinta-removebg-preview':1A 'preview':4A 'removebg':3A",
      "body": ""
    }
  },
  {
    "model": "wagtailsearch.indexentry",
    "pk": 12,
    "fields": {
      "content_type": 2,
      "object_id": "3",
      "title_norm": 0.5833333333333334,
      "autocomplete": "'1':4 'bro':3 'multitasking':2 'multitasking-bro':1",
      "title": "'1':4A 'bro':3A 'multitask':2A 'multitasking-bro':1A",
      "body": ""
    }
  },
  {
    "model": "wagtailsearch.indexentry",
    "pk": 14,
    "fields": {
      "content_type": 2,
      "object_id": "4",
      "title_norm": 1.1428571428571428,
      "autocomplete": "'1':2 '6491986':1",
      "title": "'1':2A '6491986':1A",
      "body": ""
    }
  },
  {
    "model": "wagtailsearch.indexentry",
    "pk": 16,
    "fields": {
      "content_type": 2,
      "object_id": "5",
      "title_norm": 1.125,
      "autocomplete": "'1':2 'data':1",
      "title": "'1':2A 'data':1A",
      "body": ""
    }
  },
  {
    "model": "wagtailsearch.indexentry",
    "pk": 20,
    "fields": {
      "content_type": 2,
      "object_id": "6",
      "title_norm": 1.1111111111111112,
      "autocomplete": "'1':2 'image':1",
      "title": "'1':2A 'imag':1A",
      "body": ""
    }
  },
  {
    "model": "wagtailsearch.indexentry",
    "pk": 22,
    "fields": {
      "content_type": 2,
      "object_id": "7",
      "title_norm": 1.1,
      "autocomplete": "'2':2 'image':1",
      "title": "'2':2A 'imag':1A",
      "body": ""
    }
  },
  {
    "model": "wagtailcore.locale",
    "pk": 1,
    "fields": {
      "language_code": "pt"
    }
  },
  {
    "model": "wagtailcore.site",
    "pk": 2,
    "fields": {
      "hostname": "localhost",
      "port": 80,
      "site_name": "AsyQuote",
      "root_page": 3,
      "is_default_site": true
    }
  },
  {
    "model": "wagtailcore.modellogentry",
    "pk": 1,
    "fields": {
      "content_type": 38,
      "label": "Aquecimento e Climatizao",
      "action": "wagtail.create",
      "data": {},
      "timestamp": "2024-02-29T23:11:40.604Z",
      "uuid": "844ef984-3e17-4235-aec9-267b0f4f82f3",
      "user": 1,
      "revision": null,
      "content_changed": true,
      "deleted": false,
      "object_id": "1"
    }
  },
  {
    "model": "wagtailcore.modellogentry",
    "pk": 2,
    "fields": {
      "content_type": 38,
      "label": "Pintura",
      "action": "wagtail.create",
      "data": {},
      "timestamp": "2024-02-29T23:11:47.181Z",
      "uuid": "6c942ffe-33a7-429d-8173-a364510b620c",
      "user": 1,
      "revision": null,
      "content_changed": true,
      "deleted": false,
      "object_id": "2"
    }
  },
  {
    "model": "wagtailcore.modellogentry",
    "pk": 3,
    "fields": {
      "content_type": 42,
      "label": "Leroy Merlin",
      "action": "wagtail.create",
      "data": {},
      "timestamp": "2024-02-29T23:12:18.159Z",
      "uuid": "32976b41-74e7-468b-8a10-c5418d845bb5",
      "user": 1,
      "revision": null,
      "content_changed": true,
      "deleted": false,
      "object_id": "1"
    }
  },
  {
    "model": "wagtailcore.modellogentry",
    "pk": 4,
    "fields": {
      "content_type": 42,
      "label": "Casa Peixoto",
      "action": "wagtail.create",
      "data": {},
      "timestamp": "2024-02-29T23:12:26.033Z",
      "uuid": "b7cb7f3e-a84d-48ea-818a-5d759d7b863e",
      "user": 1,
      "revision": null,
      "content_changed": true,
      "deleted": false,
      "object_id": "2"
    }
  },
  {
    "model": "wagtailcore.modellogentry",
    "pk": 5,
    "fields": {
      "content_type": 5,
      "label": "AsyQuote [pr-definio]",
      "action": "wagtail.create",
      "data": {},
      "timestamp": "2024-02-29T23:18:36.933Z",
      "uuid": "394b9d80-0748-4bae-bf1b-4da57117ae90",
      "user": 1,
      "revision": null,
      "content_changed": true,
      "deleted": false,
      "object_id": "2"
    }
  },
  {
    "model": "wagtailcore.modellogentry",
    "pk": 6,
    "fields": {
      "content_type": 37,
      "label": "AdditionalInformation object (1)",
      "action": "wagtail.create",
      "data": {},
      "timestamp": "2024-03-01T11:54:21.030Z",
      "uuid": "db7af3f7-5087-417a-bc98-63feb89f6771",
      "user": 1,
      "revision": null,
      "content_changed": true,
      "deleted": false,
      "object_id": "1"
    }
  },
  {
    "model": "wagtailcore.modellogentry",
    "pk": 7,
    "fields": {
      "content_type": 37,
      "label": "AdditionalInformation object (2)",
      "action": "wagtail.create",
      "data": {},
      "timestamp": "2024-03-01T11:54:28.681Z",
      "uuid": "1100d392-e9b5-42a6-8c72-3661085483c4",
      "user": 1,
      "revision": null,
      "content_changed": true,
      "deleted": false,
      "object_id": "2"
    }
  },
  {
    "model": "wagtailcore.modellogentry",
    "pk": 8,
    "fields": {
      "content_type": 37,
      "label": "AdditionalInformation object (3)",
      "action": "wagtail.create",
      "data": {},
      "timestamp": "2024-03-01T11:54:36.704Z",
      "uuid": "9464d6f4-a849-4c32-962a-edffc4214b22",
      "user": 1,
      "revision": null,
      "content_changed": true,
      "deleted": false,
      "object_id": "3"
    }
  },
  {
    "model": "wagtailcore.modellogentry",
    "pk": 9,
    "fields": {
      "content_type": 43,
      "label": "WebsitePages object (1)",
      "action": "wagtail.create",
      "data": {},
      "timestamp": "2024-03-01T11:55:04.161Z",
      "uuid": "38f47de6-3941-4e39-9454-1313e2ceb947",
      "user": 1,
      "revision": null,
      "content_changed": true,
      "deleted": false,
      "object_id": "1"
    }
  },
  {
    "model": "wagtailcore.modellogentry",
    "pk": 10,
    "fields": {
      "content_type": 43,
      "label": "WebsitePages object (2)",
      "action": "wagtail.create",
      "data": {},
      "timestamp": "2024-03-01T11:55:09.739Z",
      "uuid": "a2c0d3e2-6afb-457b-84e9-6e59f84fc52e",
      "user": 1,
      "revision": null,
      "content_changed": true,
      "deleted": false,
      "object_id": "2"
    }
  },
  {
    "model": "wagtailcore.modellogentry",
    "pk": 11,
    "fields": {
      "content_type": 43,
      "label": "WebsitePages object (3)",
      "action": "wagtail.create",
      "data": {},
      "timestamp": "2024-03-01T11:55:27.001Z",
      "uuid": "6bc93ec3-e688-4a2d-ba5e-7ca128149177",
      "user": 1,
      "revision": null,
      "content_changed": true,
      "deleted": false,
      "object_id": "3"
    }
  },
  {
    "model": "wagtailcore.modellogentry",
    "pk": 12,
    "fields": {
      "content_type": 43,
      "label": "WebsitePages object (3)",
      "action": "wagtail.edit",
      "data": {},
      "timestamp": "2024-03-01T11:55:42.441Z",
      "uuid": "5947a508-2a07-4989-8112-80364f57b04e",
      "user": 1,
      "revision": null,
      "content_changed": true,
      "deleted": false,
      "object_id": "3"
    }
  },
  {
    "model": "wagtailcore.modellogentry",
    "pk": 13,
    "fields": {
      "content_type": 40,
      "label": "FooterContact object (1)",
      "action": "wagtail.create",
      "data": {},
      "timestamp": "2024-03-01T11:56:38.893Z",
      "uuid": "1d1045f7-ad5d-4bed-ab25-18a9247ea966",
      "user": 1,
      "revision": null,
      "content_changed": true,
      "deleted": false,
      "object_id": "1"
    }
  },
  {
    "model": "wagtailcore.modellogentry",
    "pk": 14,
    "fields": {
      "content_type": 40,
      "label": "FooterContact object (2)",
      "action": "wagtail.create",
      "data": {},
      "timestamp": "2024-03-01T11:56:58.358Z",
      "uuid": "b2b5774f-b7a0-43e3-b2f9-021ee34b0829",
      "user": 1,
      "revision": null,
      "content_changed": true,
      "deleted": false,
      "object_id": "2"
    }
  },
  {
    "model": "wagtailcore.modellogentry",
    "pk": 15,
    "fields": {
      "content_type": 41,
      "label": "FooterTitles object (1)",
      "action": "wagtail.create",
      "data": {},
      "timestamp": "2024-03-01T11:57:11.086Z",
      "uuid": "16a8f459-f755-4656-9208-49faf5b521a2",
      "user": 1,
      "revision": null,
      "content_changed": true,
      "deleted": false,
      "object_id": "1"
    }
  },
  {
    "model": "wagtailcore.collection",
    "pk": 1,
    "fields": {
      "path": "0001",
      "depth": 1,
      "numchild": 0,
      "name": "Root"
    }
  },
  {
    "model": "wagtailcore.groupcollectionpermission",
    "pk": 1,
    "fields": {
      "group": 1,
      "collection": 1,
      "permission": 1
    }
  },
  {
    "model": "wagtailcore.groupcollectionpermission",
    "pk": 2,
    "fields": {
      "group": 2,
      "collection": 1,
      "permission": 1
    }
  },
  {
    "model": "wagtailcore.groupcollectionpermission",
    "pk": 3,
    "fields": {
      "group": 1,
      "collection": 1,
      "permission": 2
    }
  },
  {
    "model": "wagtailcore.groupcollectionpermission",
    "pk": 4,
    "fields": {
      "group": 2,
      "collection": 1,
      "permission": 2
    }
  },
  {
    "model": "wagtailcore.groupcollectionpermission",
    "pk": 5,
    "fields": {
      "group": 1,
      "collection": 1,
      "permission": 102
    }
  },
  {
    "model": "wagtailcore.groupcollectionpermission",
    "pk": 6,
    "fields": {
      "group": 2,
      "collection": 1,
      "permission": 102
    }
  },
  {
    "model": "wagtailcore.groupcollectionpermission",
    "pk": 7,
    "fields": {
      "group": 1,
      "collection": 1,
      "permission": 103
    }
  },
  {
    "model": "wagtailcore.groupcollectionpermission",
    "pk": 8,
    "fields": {
      "group": 2,
      "collection": 1,
      "permission": 103
    }
  },
  {
    "model": "wagtailcore.groupcollectionpermission",
    "pk": 9,
    "fields": {
      "group": 1,
      "collection": 1,
      "permission": 105
    }
  },
  {
    "model": "wagtailcore.groupcollectionpermission",
    "pk": 10,
    "fields": {
      "group": 2,
      "collection": 1,
      "permission": 105
    }
  },
  {
    "model": "wagtailcore.referenceindex",
    "pk": 1,
    "fields": {
      "content_type": 2,
      "base_content_type": 2,
      "object_id": "1",
      "to_content_type": 8,
      "to_object_id": "1",
      "model_path": "collection",
      "content_path": "collection",
      "content_path_hash": "b40b1263-e929-57f2-a7f8-9dbce56b887b"
    }
  },
  {
    "model": "wagtailcore.referenceindex",
    "pk": 2,
    "fields": {
      "content_type": 2,
      "base_content_type": 2,
      "object_id": "2",
      "to_content_type": 8,
      "to_object_id": "1",
      "model_path": "collection",
      "content_path": "collection",
      "content_path_hash": "b40b1263-e929-57f2-a7f8-9dbce56b887b"
    }
  },
  {
    "model": "wagtailcore.referenceindex",
    "pk": 3,
    "fields": {
      "content_type": 2,
      "base_content_type": 2,
      "object_id": "3",
      "to_content_type": 8,
      "to_object_id": "1",
      "model_path": "collection",
      "content_path": "collection",
      "content_path_hash": "b40b1263-e929-57f2-a7f8-9dbce56b887b"
    }
  },
  {
    "model": "wagtailcore.referenceindex",
    "pk": 4,
    "fields": {
      "content_type": 2,
      "base_content_type": 2,
      "object_id": "4",
      "to_content_type": 8,
      "to_object_id": "1",
      "model_path": "collection",
      "content_path": "collection",
      "content_path_hash": "b40b1263-e929-57f2-a7f8-9dbce56b887b"
    }
  },
  {
    "model": "wagtailcore.referenceindex",
    "pk": 5,
    "fields": {
      "content_type": 2,
      "base_content_type": 2,
      "object_id": "5",
      "to_content_type": 8,
      "to_object_id": "1",
      "model_path": "collection",
      "content_path": "collection",
      "content_path_hash": "b40b1263-e929-57f2-a7f8-9dbce56b887b"
    }
  },
  {
    "model": "wagtailcore.referenceindex",
    "pk": 6,
    "fields": {
      "content_type": 62,
      "base_content_type": 1,
      "object_id": "3",
      "to_content_type": 2,
      "to_object_id": "3",
      "model_path": "about_image_1",
      "content_path": "about_image_1",
      "content_path_hash": "56157aa0-4a29-53c1-afcb-0340b5fa1265"
    }
  },
  {
    "model": "wagtailcore.referenceindex",
    "pk": 7,
    "fields": {
      "content_type": 62,
      "base_content_type": 1,
      "object_id": "3",
      "to_content_type": 2,
      "to_object_id": "1",
      "model_path": "hero_image",
      "content_path": "hero_image",
      "content_path_hash": "2960929c-7feb-5d2b-8541-ed36105c53fd"
    }
  },
  {
    "model": "wagtailcore.referenceindex",
    "pk": 8,
    "fields": {
      "content_type": 62,
      "base_content_type": 1,
      "object_id": "3",
      "to_content_type": 2,
      "to_object_id": "5",
      "model_path": "about_image_3",
      "content_path": "about_image_3",
      "content_path_hash": "0d63348d-8c20-5ec7-949f-7c4cb036300f"
    }
  },
  {
    "model": "wagtailcore.referenceindex",
    "pk": 9,
    "fields": {
      "content_type": 62,
      "base_content_type": 1,
      "object_id": "3",
      "to_content_type": 2,
      "to_object_id": "2",
      "model_path": "uses_image.image.image_uses",
      "content_path": "uses_image.e986e652-f3d0-4a43-a25e-3f8907f519fd.image_uses",
      "content_path_hash": "c9409c28-33fd-5310-b9b5-1087457ff2fc"
    }
  },
  {
    "model": "wagtailcore.referenceindex",
    "pk": 10,
    "fields": {
      "content_type": 62,
      "base_content_type": 1,
      "object_id": "3",
      "to_content_type": 2,
      "to_object_id": "2",
      "model_path": "uses_image.image.image_uses",
      "content_path": "uses_image.8ae3a69e-49ee-4966-801b-dc9fbadbeb9f.image_uses",
      "content_path_hash": "0cc022f2-834b-591e-8fc8-4cd24a93e7fe"
    }
  },
  {
    "model": "wagtailcore.referenceindex",
    "pk": 11,
    "fields": {
      "content_type": 62,
      "base_content_type": 1,
      "object_id": "3",
      "to_content_type": 2,
      "to_object_id": "2",
      "model_path": "uses_image.image.image_uses",
      "content_path": "uses_image.9bb83e2c-bb3d-4d93-9886-5adc8a3b7595.image_uses",
      "content_path_hash": "13e5a5fc-1a28-5956-835a-7716ade3d3d0"
    }
  },
  {
    "model": "wagtailcore.referenceindex",
    "pk": 12,
    "fields": {
      "content_type": 62,
      "base_content_type": 1,
      "object_id": "3",
      "to_content_type": 2,
      "to_object_id": "2",
      "model_path": "uses_image.image.image_uses",
      "content_path": "uses_image.bd08e5e5-df2a-42c0-871f-37427bb254b2.image_uses",
      "content_path_hash": "462570a0-4770-5c12-b869-5511179e1934"
    }
  },
  {
    "model": "wagtailcore.referenceindex",
    "pk": 13,
    "fields": {
      "content_type": 62,
      "base_content_type": 1,
      "object_id": "3",
      "to_content_type": 2,
      "to_object_id": "2",
      "model_path": "uses_image.image.image_uses",
      "content_path": "uses_image.d2497451-34bb-42b1-a9fe-32c46b4368d9.image_uses",
      "content_path_hash": "f91097ec-90b0-5e05-a92e-0631c6de7d5f"
    }
  },
  {
    "model": "wagtailcore.referenceindex",
    "pk": 14,
    "fields": {
      "content_type": 62,
      "base_content_type": 1,
      "object_id": "3",
      "to_content_type": 2,
      "to_object_id": "4",
      "model_path": "about_image_2",
      "content_path": "about_image_2",
      "content_path_hash": "82f33ee2-5579-5a9b-8d01-d06db1a6cbe8"
    }
  },
  {
    "model": "wagtailcore.referenceindex",
    "pk": 15,
    "fields": {
      "content_type": 62,
      "base_content_type": 1,
      "object_id": "3",
      "to_content_type": 2,
      "to_object_id": "2",
      "model_path": "uses_image.image.image_uses",
      "content_path": "uses_image.2a8dec47-8044-456c-b72f-7d58a6cd80ee.image_uses",
      "content_path_hash": "c6f1f475-568c-5c1c-a0a3-feb5a68548aa"
    }
  },
  {
    "model": "wagtailcore.referenceindex",
    "pk": 16,
    "fields": {
      "content_type": 62,
      "base_content_type": 1,
      "object_id": "3",
      "to_content_type": 2,
      "to_object_id": "2",
      "model_path": "uses_image.image.image_uses",
      "content_path": "uses_image.fe976376-c424-4fe9-ba8a-6793154a61af.image_uses",
      "content_path_hash": "ab6857b7-dd64-5bc5-9b07-cfe5d265b4c0"
    }
  },
  {
    "model": "wagtailcore.referenceindex",
    "pk": 17,
    "fields": {
      "content_type": 2,
      "base_content_type": 2,
      "object_id": "6",
      "to_content_type": 8,
      "to_object_id": "1",
      "model_path": "collection",
      "content_path": "collection",
      "content_path_hash": "b40b1263-e929-57f2-a7f8-9dbce56b887b"
    }
  },
  {
    "model": "wagtailcore.referenceindex",
    "pk": 18,
    "fields": {
      "content_type": 40,
      "base_content_type": 40,
      "object_id": "1",
      "to_content_type": 2,
      "to_object_id": "6",
      "model_path": "information_image",
      "content_path": "information_image",
      "content_path_hash": "8a9730b6-ef20-566b-a446-12b7b8427b72"
    }
  },
  {
    "model": "wagtailcore.referenceindex",
    "pk": 19,
    "fields": {
      "content_type": 2,
      "base_content_type": 2,
      "object_id": "7",
      "to_content_type": 8,
      "to_object_id": "1",
      "model_path": "collection",
      "content_path": "collection",
      "content_path_hash": "b40b1263-e929-57f2-a7f8-9dbce56b887b"
    }
  },
  {
    "model": "wagtailcore.referenceindex",
    "pk": 20,
    "fields": {
      "content_type": 40,
      "base_content_type": 40,
      "object_id": "2",
      "to_content_type": 2,
      "to_object_id": "7",
      "model_path": "information_image",
      "content_path": "information_image",
      "content_path_hash": "8a9730b6-ef20-566b-a446-12b7b8427b72"
    }
  },
  {
    "model": "wagtailcore.page",
    "pk": 1,
    "fields": {
      "path": "0001",
      "depth": 1,
      "numchild": 1,
      "translation_key": "7ebe367a-6960-4d59-a7fd-78491e2c2678",
      "locale": 1,
      "latest_revision": null,
      "live": true,
      "has_unpublished_changes": false,
      "first_published_at": null,
      "last_published_at": null,
      "live_revision": null,
      "go_live_at": null,
      "expire_at": null,
      "expired": false,
      "locked": false,
      "locked_at": null,
      "locked_by": null,
      "title": "Root",
      "draft_title": "Root",
      "slug": "root",
      "content_type": 1,
      "url_path": "/",
      "owner": null,
      "seo_title": "",
      "show_in_menus": false,
      "search_description": "",
      "latest_revision_created_at": null,
      "alias_of": null
    }
  },
  {
    "model": "wagtailcore.page",
    "pk": 3,
    "fields": {
      "path": "00010001",
      "depth": 2,
      "numchild": 1,
      "translation_key": "160fa2e7-504d-4bde-9386-653b94af7df1",
      "locale": 1,
      "latest_revision": 3,
      "live": true,
      "has_unpublished_changes": false,
      "first_published_at": "2024-02-29T23:13:21.390Z",
      "last_published_at": "2024-03-01T11:53:11.206Z",
      "live_revision": 3,
      "go_live_at": null,
      "expire_at": null,
      "expired": false,
      "locked": false,
      "locked_at": null,
      "locked_by": null,
      "title": "HomePage",
      "draft_title": "HomePage",
      "slug": "homepage",
      "content_type": 62,
      "url_path": "/homepage/",
      "owner": 1,
      "seo_title": "",
      "show_in_menus": false,
      "search_description": "",
      "latest_revision_created_at": "2024-03-01T11:53:11.078Z",
      "alias_of": null
    }
  },
  {
    "model": "wagtailcore.page",
    "pk": 4,
    "fields": {
      "path": "000100010001",
      "depth": 3,
      "numchild": 0,
      "translation_key": "7bfb8e4d-c03e-409e-95e0-cfc425631ab9",
      "locale": 1,
      "latest_revision": 2,
      "live": true,
      "has_unpublished_changes": false,
      "first_published_at": "2024-02-29T23:18:19.361Z",
      "last_published_at": "2024-02-29T23:18:19.361Z",
      "live_revision": 2,
      "go_live_at": null,
      "expire_at": null,
      "expired": false,
      "locked": false,
      "locked_at": null,
      "locked_by": null,
      "title": "Produtos",
      "draft_title": "Produtos",
      "slug": "produtos",
      "content_type": 65,
      "url_path": "/homepage/produtos/",
      "owner": 1,
      "seo_title": "",
      "show_in_menus": false,
      "search_description": "",
      "latest_revision_created_at": "2024-02-29T23:18:19.327Z",
      "alias_of": null
    }
  },
  {
    "model": "wagtailcore.revision",
    "pk": 1,
    "fields": {
      "content_type": 62,
      "base_content_type": 1,
      "object_id": "3",
      "submitted_for_moderation": false,
      "created_at": "2024-02-29T23:13:21.327Z",
      "user": 1,
      "object_str": "HomePage",
      "content": {
        "pk": 3,
        "faqs": [],
        "live": true,
        "path": "00010001",
        "slug": "homepage",
        "depth": 2,
        "owner": 1,
        "title": "HomePage",
        "locale": 1,
        "locked": false,
        "expired": false,
        "alias_of": null,
        "numchild": 0,
        "url_path": "/homepage/",
        "expire_at": null,
        "locked_at": null,
        "locked_by": null,
        "seo_title": "",
        "faqs_title": "Perguntas frequentes",
        "go_live_at": null,
        "hero_image": null,
        "hero_title": "Agilize os seus oramentos",
        "uses_image": "[]",
        "uses_title": "10+ empresas usam o AsyQuote",
        "draft_title": "HomePage",
        "review_home": [],
        "action_title": "Comee a usar o AsyQuote hoje",
        "content_type": 62,
        "review_title": "Descubra o porqu dos nossos clientes gostarem de ns",
        "about_image_1": null,
        "about_image_2": null,
        "about_image_3": null,
        "about_title_1": "Aumente a sua produtividade",
        "about_title_2": "Preciso e consistncia",
        "about_title_3": "Acesso rpido a dados cruciais",
        "live_revision": null,
        "show_in_menus": false,
        "action_benefit": " grtis",
        "hero_paragraph": "",
        "latest_revision": null,
        "translation_key": "160fa2e7-504d-4bde-9386-653b94af7df1",
        "about_paragraph_1": "O AsyQuote  pode produzir mais oramentos em menos tempo, permitindo que a sua empresa se concentre em projetos reais em vez de tarefas administrativas. Maximize a produtividade e veja o seu negcio crescer.",
        "about_paragraph_2": "Garanta a preciso e consistncia em todos os seus oramentos. O Asyquote elimina erros humanos e padroniza o processo de oramentao, garantindo que cada oramento atenda aos mais altos padres de qualidade.",
        "about_paragraph_3": "Tenha acesso instantneo a dados  de custos, materiais e mo de obra. Com o AsyQuote, voc pode tomar decises informadas em tempo real, adaptando-se s mudanas do mercado.",
        "last_published_at": null,
        "first_published_at": null,
        "search_description": "",
        "wagtail_admin_comments": [],
        "has_unpublished_changes": false,
        "latest_revision_created_at": null
      },
      "approved_go_live_at": null
    }
  },
  {
    "model": "wagtailcore.revision",
    "pk": 2,
    "fields": {
      "content_type": 65,
      "base_content_type": 1,
      "object_id": "4",
      "submitted_for_moderation": false,
      "created_at": "2024-02-29T23:18:19.327Z",
      "user": 1,
      "object_str": "Produtos",
      "content": {
        "pk": 4,
        "live": true,
        "path": "000100010001",
        "slug": "produtos",
        "depth": 3,
        "owner": 1,
        "title": "Produtos",
        "locale": 1,
        "locked": false,
        "expired": false,
        "alias_of": null,
        "numchild": 0,
        "products": [],
        "url_path": "/homepage/produtos/",
        "expire_at": null,
        "locked_at": null,
        "locked_by": null,
        "seo_title": "",
        "go_live_at": null,
        "draft_title": "Produtos",
        "content_type": 65,
        "live_revision": null,
        "show_in_menus": false,
        "latest_revision": null,
        "translation_key": "7bfb8e4d-c03e-409e-95e0-cfc425631ab9",
        "last_published_at": null,
        "first_published_at": null,
        "search_description": "",
        "wagtail_admin_comments": [],
        "has_unpublished_changes": false,
        "latest_revision_created_at": null
      },
      "approved_go_live_at": null
    }
  },
  {
    "model": "wagtailcore.revision",
    "pk": 3,
    "fields": {
      "content_type": 62,
      "base_content_type": 1,
      "object_id": "3",
      "submitted_for_moderation": false,
      "created_at": "2024-03-01T11:53:11.078Z",
      "user": 1,
      "object_str": "HomePage",
      "content": {
        "pk": 3,
        "faqs": [
          {
            "pk": null,
            "page": 3,
            "answer": "Pode criar um oramento atravs do nosso criador de oramentos. Neste, poder definir o produto, quantidades,margens de lucro  e at descontos no produto.",
            "href_url": null,
            "question": "Como posso criar um oramento?",
            "text_href": null,
            "sort_order": 0
          },
          {
            "pk": null,
            "page": 3,
            "answer": "Para participar na fase beta, tem que se inscrever no processo de seleo.  Embora as vagas sejam limitadas, encorajamos todos a se candidatarem, pois valorizamos a contribuio de todos.",
            "href_url": "aceder-beta",
            "question": "Como posso participar na fase beta",
            "text_href": "Entre j na fase Beta",
            "sort_order": 1
          },
          {
            "pk": null,
            "page": 3,
            "answer": "Como o AsyQuote encontra-se ainda em fase beta, decidimos que a melhor maneira de atrair mais usurios e melhorar a ferramenta,   deixar a ferramenta grtis para todos.",
            "href_url": null,
            "question": "Qual  preo da ferramenta?",
            "text_href": null,
            "sort_order": 2
          },
          {
            "pk": null,
            "page": 3,
            "answer": "Sim o oramento  costumizvel, pode mudar o logo, os preos, as margens. Alm disso, no final tem uma seco de notas aonde pode escrever o que quiser.",
            "href_url": null,
            "question": "O oramento  costumizvel?",
            "text_href": null,
            "sort_order": 3
          }
        ],
        "live": true,
        "path": "00010001",
        "slug": "homepage",
        "depth": 2,
        "owner": 1,
        "title": "HomePage",
        "locale": 1,
        "locked": false,
        "expired": false,
        "alias_of": null,
        "numchild": 1,
        "url_path": "/homepage/",
        "expire_at": null,
        "locked_at": null,
        "locked_by": null,
        "seo_title": "",
        "faqs_title": "Perguntas frequentes",
        "go_live_at": null,
        "hero_image": 1,
        "hero_title": "Agilize os seus oramentos",
        "uses_image": "[{\"type\": \"image\", \"value\": {\"image_uses\": 2, \"url_uses\": \"https://obrascompinta.pt\"}, \"id\": \"bd08e5e5-df2a-42c0-871f-37427bb254b2\"}, {\"type\": \"image\", \"value\": {\"image_uses\": 2, \"url_uses\": \"https://obrascompinta.pt\"}, \"id\": \"fe976376-c424-4fe9-ba8a-6793154a61af\"}, {\"type\": \"image\", \"value\": {\"image_uses\": 2, \"url_uses\": \"https://obrascompinta.pt\"}, \"id\": \"d2497451-34bb-42b1-a9fe-32c46b4368d9\"}, {\"type\": \"image\", \"value\": {\"image_uses\": 2, \"url_uses\": \"https://obrascompinta.pt\"}, \"id\": \"8ae3a69e-49ee-4966-801b-dc9fbadbeb9f\"}, {\"type\": \"image\", \"value\": {\"image_uses\": 2, \"url_uses\": \"https://obrascompinta.pt\"}, \"id\": \"e986e652-f3d0-4a43-a25e-3f8907f519fd\"}, {\"type\": \"image\", \"value\": {\"image_uses\": 2, \"url_uses\": \"https://obrascompinta.pt\"}, \"id\": \"9bb83e2c-bb3d-4d93-9886-5adc8a3b7595\"}, {\"type\": \"image\", \"value\": {\"image_uses\": 2, \"url_uses\": \"https://obrascompinta.pt\"}, \"id\": \"2a8dec47-8044-456c-b72f-7d58a6cd80ee\"}]",
        "uses_title": "10+ empresas usam o AsyQuote",
        "draft_title": "HomePage",
        "review_home": [
          {
            "pk": null,
            "page": 3,
            "sort_order": 0,
            "title_card": "O AsyQuote mudou a minha vida",
            "review_card": null,
            "paragraph_card": "Estou impressionado com a eficincia desta ferramenta. Desde que comecei a us-la, a minha empresa viu um aumento notvel na produtividade e na preciso dos nossos oramentos. A plataforma  incrivelmente intuitiva e economizou horas de trabalho manual. Alm disso, o suporte ao cliente  excepcional. Definitivamente, uma escolha inteligente para qualquer empresa de construo!",
            "letters_circle_card": "GS",
            "name_of_the_person_card": "Gonalo S.",
            "function_of_the_person_card": "Estagirio"
          },
          {
            "pk": null,
            "page": 3,
            "sort_order": 1,
            "title_card": "Uma Revoluo na Oramentao",
            "review_card": null,
            "paragraph_card": "O AsyQuote provou ser uma verdadeira revoluo para o nosso processo de oramentao. Desde a implementao, a nossa eficincia disparou, proporcionando uma melhoria significativa na preciso e rapidez na criao de oramentos. A interface intuitiva facilitou a transio, e o suporte ao cliente atencioso solidificou nossa confiana na ferramenta. Recomendo a todas as empresas que buscam aprimorar sua abordagem oramental.",
            "letters_circle_card": "SO",
            "name_of_the_person_card": "Sofia O.",
            "function_of_the_person_card": "Diretora Financeira"
          },
          {
            "pk": null,
            "page": 3,
            "sort_order": 2,
            "title_card": "Eficincia Elevada com AsyQuote",
            "review_card": null,
            "paragraph_card": "Testar o AsyQuote foi uma jogada estratgica para a nossa empresa. A eficincia que ganhamos desde ento  notvel. Os processos de oramentao tornaram-se mais geis, economizando tempo valioso. A plataforma  amigvel, e o suporte ao cliente, exemplar. Como gestor, essa ferramenta se tornou um aliado indispensvel no dia a dia.",
            "letters_circle_card": "PS",
            "name_of_the_person_card": "Pedro S.",
            "function_of_the_person_card": "Gerente de Projetos"
          },
          {
            "pk": null,
            "page": 3,
            "sort_order": 3,
            "title_card": "A Chave da Nossa Competitividade",
            "review_card": null,
            "paragraph_card": "Adotar o AsyQuote foi a chave para mantermos a competitividade no mercado. A facilidade na criao de oramentos e a agilidade proporcionada so inestimveis. A equipe por trs da plataforma  extremamente dedicada, oferecendo um suporte que vai alm das expectativas. Uma ferramenta indispensvel para qualquer empresa que busca se destacar.",
            "letters_circle_card": "MC",
            "name_of_the_person_card": "Marta C.",
            "function_of_the_person_card": "CEO"
          },
          {
            "pk": null,
            "page": 3,
            "sort_order": 4,
            "title_card": "Transformao Digital com AsyQuote",
            "review_card": null,
            "paragraph_card": "A transformao digital  essencial nos dias de hoje, e o AsyQuote foi o catalisador para a nossa empresa. Desde que implementamos essa ferramenta, notamos uma mudana significativa na eficincia operacional. A simplicidade na criao de oramentos e o suporte tcnico impecvel fizeram dessa transio uma experincia suave e bem-sucedida.",
            "letters_circle_card": "DM",
            "name_of_the_person_card": "Diogo M.",
            "function_of_the_person_card": "Analista de Sistemas"
          },
          {
            "pk": null,
            "page": 3,
            "sort_order": 5,
            "title_card": "AsyQuote: Superando Expectativas",
            "review_card": null,
            "paragraph_card": "O AsyQuote superou todas as nossas expectativas. A facilidade de uso  surpreendente, e a rapidez na criao de oramentos proporcionou uma vantagem competitiva. O suporte ao cliente  gil e eficaz, demonstrando um comprometimento notvel.",
            "letters_circle_card": "IS",
            "name_of_the_person_card": "Ins S.",
            "function_of_the_person_card": "Coordenadora de Vendas"
          },
          {
            "pk": null,
            "page": 3,
            "sort_order": 6,
            "title_card": "Eficincia e Inovao com AsyQuote",
            "review_card": null,
            "paragraph_card": "Experimentar o AsyQuote foi um divisor de guas para a nossa empresa. A eficincia operacional aumentou substancialmente, e a inovao na abordagem oramental  evidente. A interface amigvel tornou a transio suave, e o suporte ao cliente dedicado reforou nossa confiana na ferramenta. Recomendo sem reservas.",
            "letters_circle_card": "MP",
            "name_of_the_person_card": "Miguel P.",
            "function_of_the_person_card": "Analista Financeiro"
          }
        ],
        "action_title": "Comee a usar o AsyQuote hoje",
        "content_type": 62,
        "review_title": "Descubra o porqu dos nossos clientes gostarem de ns",
        "about_image_1": 3,
        "about_image_2": 4,
        "about_image_3": 5,
        "about_title_1": "Aumente a sua produtividade",
        "about_title_2": "Preciso e consistncia",
        "about_title_3": "Acesso rpido a dados cruciais",
        "live_revision": 1,
        "show_in_menus": false,
        "action_benefit": " grtis",
        "hero_paragraph": "<p data-block-key=\"bhw4y\">Descubra como podemos otimizar o processo de oramentao para o seu negcio de construo.</p>",
        "latest_revision": 1,
        "translation_key": "160fa2e7-504d-4bde-9386-653b94af7df1",
        "about_paragraph_1": "O AsyQuote  pode produzir mais oramentos em menos tempo, permitindo que a sua empresa se concentre em projetos reais em vez de tarefas administrativas. Maximize a produtividade e veja o seu negcio crescer.",
        "about_paragraph_2": "Garanta a preciso e consistncia em todos os seus oramentos. O Asyquote elimina erros humanos e padroniza o processo de oramentao, garantindo que cada oramento atenda aos mais altos padres de qualidade.",
        "about_paragraph_3": "Tenha acesso instantneo a dados  de custos, materiais e mo de obra. Com o AsyQuote, voc pode tomar decises informadas em tempo real, adaptando-se s mudanas do mercado.",
        "last_published_at": "2024-02-29T23:13:21.390Z",
        "first_published_at": "2024-02-29T23:13:21.390Z",
        "search_description": "",
        "wagtail_admin_comments": [],
        "has_unpublished_changes": false,
        "latest_revision_created_at": "2024-02-29T23:13:21.327Z"
      },
      "approved_go_live_at": null
    }
  },
  {
    "model": "wagtailcore.grouppagepermission",
    "pk": 1,
    "fields": {
      "group": 1,
      "page": 1,
      "permission": 33,
      "permission_type": "add"
    }
  },
  {
    "model": "wagtailcore.grouppagepermission",
    "pk": 2,
    "fields": {
      "group": 1,
      "page": 1,
      "permission": 34,
      "permission_type": "change"
    }
  },
  {
    "model": "wagtailcore.grouppagepermission",
    "pk": 3,
    "fields": {
      "group": 1,
      "page": 1,
      "permission": 39,
      "permission_type": "publish"
    }
  },
  {
    "model": "wagtailcore.grouppagepermission",
    "pk": 4,
    "fields": {
      "group": 2,
      "page": 1,
      "permission": 33,
      "permission_type": "add"
    }
  },
  {
    "model": "wagtailcore.grouppagepermission",
    "pk": 5,
    "fields": {
      "group": 2,
      "page": 1,
      "permission": 34,
      "permission_type": "change"
    }
  },
  {
    "model": "wagtailcore.grouppagepermission",
    "pk": 6,
    "fields": {
      "group": 1,
      "page": 1,
      "permission": 38,
      "permission_type": "lock"
    }
  },
  {
    "model": "wagtailcore.grouppagepermission",
    "pk": 7,
    "fields": {
      "group": 1,
      "page": 1,
      "permission": 40,
      "permission_type": "unlock"
    }
  },
  {
    "model": "wagtailcore.workflowpage",
    "pk": 1,
    "fields": {
      "workflow": 1
    }
  },
  {
    "model": "wagtailcore.workflowtask",
    "pk": 1,
    "fields": {
      "sort_order": 0,
      "workflow": 1,
      "task": 1
    }
  },
  {
    "model": "wagtailcore.task",
    "pk": 1,
    "fields": {
      "name": "Moderators approval",
      "content_type": 3,
      "active": true
    }
  },
  {
    "model": "wagtailcore.workflow",
    "pk": 1,
    "fields": {
      "name": "Moderators approval",
      "active": true
    }
  },
  {
    "model": "wagtailcore.groupapprovaltask",
    "pk": 1,
    "fields": {
      "groups": [
        1
      ]
    }
  },
  {
    "model": "wagtailcore.pagelogentry",
    "pk": 1,
    "fields": {
      "content_type": 1,
      "label": "Welcome to your new Wagtail site!",
      "action": "wagtail.delete",
      "data": {},
      "timestamp": "2024-02-29T23:12:43.127Z",
      "uuid": "0693fe10-af77-4274-a86d-778ccbcded88",
      "user": 1,
      "revision": null,
      "content_changed": false,
      "deleted": true,
      "page": 2
    }
  },
  {
    "model": "wagtailcore.pagelogentry",
    "pk": 2,
    "fields": {
      "content_type": 62,
      "label": "HomePage",
      "action": "wagtail.create",
      "data": {},
      "timestamp": "2024-02-29T23:13:21.306Z",
      "uuid": "779af816-70d9-4036-8943-4317ac553457",
      "user": 1,
      "revision": null,
      "content_changed": true,
      "deleted": false,
      "page": 3
    }
  },
  {
    "model": "wagtailcore.pagelogentry",
    "pk": 3,
    "fields": {
      "content_type": 62,
      "label": "HomePage",
      "action": "wagtail.edit",
      "data": {},
      "timestamp": "2024-02-29T23:13:21.357Z",
      "uuid": "779af816-70d9-4036-8943-4317ac553457",
      "user": 1,
      "revision": 1,
      "content_changed": true,
      "deleted": false,
      "page": 3
    }
  },
  {
    "model": "wagtailcore.pagelogentry",
    "pk": 4,
    "fields": {
      "content_type": 62,
      "label": "HomePage",
      "action": "wagtail.publish",
      "data": {},
      "timestamp": "2024-02-29T23:13:21.457Z",
      "uuid": "779af816-70d9-4036-8943-4317ac553457",
      "user": 1,
      "revision": 1,
      "content_changed": true,
      "deleted": false,
      "page": 3
    }
  },
  {
    "model": "wagtailcore.pagelogentry",
    "pk": 5,
    "fields": {
      "content_type": 65,
      "label": "Produtos",
      "action": "wagtail.create",
      "data": {},
      "timestamp": "2024-02-29T23:18:19.310Z",
      "uuid": "0985c9ab-2611-43f3-990d-cfbba02076b9",
      "user": 1,
      "revision": null,
      "content_changed": true,
      "deleted": false,
      "page": 4
    }
  },
  {
    "model": "wagtailcore.pagelogentry",
    "pk": 6,
    "fields": {
      "content_type": 65,
      "label": "Produtos",
      "action": "wagtail.edit",
      "data": {},
      "timestamp": "2024-02-29T23:18:19.346Z",
      "uuid": "0985c9ab-2611-43f3-990d-cfbba02076b9",
      "user": 1,
      "revision": 2,
      "content_changed": true,
      "deleted": false,
      "page": 4
    }
  },
  {
    "model": "wagtailcore.pagelogentry",
    "pk": 7,
    "fields": {
      "content_type": 65,
      "label": "Produtos",
      "action": "wagtail.publish",
      "data": {},
      "timestamp": "2024-02-29T23:18:19.401Z",
      "uuid": "0985c9ab-2611-43f3-990d-cfbba02076b9",
      "user": 1,
      "revision": 2,
      "content_changed": true,
      "deleted": false,
      "page": 4
    }
  },
  {
    "model": "wagtailcore.pagelogentry",
    "pk": 8,
    "fields": {
      "content_type": 62,
      "label": "HomePage",
      "action": "wagtail.edit",
      "data": {},
      "timestamp": "2024-03-01T11:53:11.132Z",
      "uuid": "a0c62fb4-226f-45c6-9e79-a88bdce620ed",
      "user": 1,
      "revision": 3,
      "content_changed": true,
      "deleted": false,
      "page": 3
    }
  },
  {
    "model": "wagtailcore.pagelogentry",
    "pk": 9,
    "fields": {
      "content_type": 62,
      "label": "HomePage",
      "action": "wagtail.publish",
      "data": {},
      "timestamp": "2024-03-01T11:53:11.344Z",
      "uuid": "a0c62fb4-226f-45c6-9e79-a88bdce620ed",
      "user": 1,
      "revision": 3,
      "content_changed": true,
      "deleted": false,
      "page": 3
    }
  },
  {
    "model": "wagtailcore.pagesubscription",
    "pk": 1,
    "fields": {
      "user": 1,
      "page": 3,
      "comment_notifications": true
    }
  },
  {
    "model": "wagtailcore.pagesubscription",
    "pk": 2,
    "fields": {
      "user": 1,
      "page": 4,
      "comment_notifications": true
    }
  },
  {
    "model": "wagtailmenus.mainmenuitem",
    "pk": 1,
    "fields": {
      "sort_order": 0,
      "link_page": null,
      "link_url": "#sobre",
      "url_append": "",
      "handle": "",
      "link_text": "Sobre",
      "allow_subnav": true,
      "menu": 1
    }
  },
  {
    "model": "wagtailmenus.mainmenuitem",
    "pk": 2,
    "fields": {
      "sort_order": 1,
      "link_page": null,
      "link_url": "#opinies",
      "url_append": "",
      "handle": "",
      "link_text": "Opinies",
      "allow_subnav": true,
      "menu": 1
    }
  },
  {
    "model": "wagtailmenus.mainmenuitem",
    "pk": 3,
    "fields": {
      "sort_order": 2,
      "link_page": null,
      "link_url": "#faqs",
      "url_append": "",
      "handle": "",
      "link_text": "FAQS",
      "allow_subnav": true,
      "menu": 1
    }
  },
  {
    "model": "wagtailmenus.mainmenuitem",
    "pk": 4,
    "fields": {
      "sort_order": 3,
      "link_page": null,
      "link_url": "login",
      "url_append": "",
      "handle": "",
      "link_text": "Login",
      "allow_subnav": true,
      "menu": 1
    }
  },
  {
    "model": "wagtailmenus.mainmenu",
    "pk": 1,
    "fields": {
      "site": 2,
      "max_levels": 2
    }
  },
  {
    "model": "account.emailaddress",
    "pk": 1,
    "fields": {
      "user": 1,
      "email": "marioferreira0409@gmail.com",
      "verified": true,
      "primary": true
    }
  },
  {
    "model": "account.emailaddress",
    "pk": 3,
    "fields": {
      "user": 3,
      "email": "goncaloalves0530@gmail.com",
      "verified": true,
      "primary": true
    }
  },
  {
    "model": "users.user",
    "pk": 1,
    "fields": {
      "password": "argon2$argon2id$v=19$m=102400,t=2,p=8$WXdXTXN5ZHdKMUVCT2w3VVhaWU8xTw$Pvf3w+qd9bHZmhwlxa6XxPgAbUM+XLvPXnSnD97grbA",
      "last_login": "2024-03-02T19:34:33.793Z",
      "is_superuser": true,
      "username": "admin",
      "first_name": "",
      "last_name": "",
      "email": "marioferreira0409@gmail.com",
      "is_staff": true,
      "is_active": true,
      "date_joined": "2024-02-29T23:10:33.073Z",
      "receive_email": false,
      "development_help": false,
      "acount": false,
      "groups": [],
      "user_permissions": []
    }
  },
  {
    "model": "users.user",
    "pk": 3,
    "fields": {
      "password": "argon2$argon2id$v=19$m=102400,t=2,p=8$R0RqNTY4MDhEU3BZU3NoaDZLZHd2bw$pKq10C95RHKNBKk+hfxF9ElI2pdGpaEioJmfpzrrlns",
      "last_login": "2024-03-02T21:58:27.640Z",
      "is_superuser": false,
      "username": "user2",
      "first_name": "",
      "last_name": "",
      "email": "goncaloalves0530@gmail.com",
      "is_staff": false,
      "is_active": true,
      "date_joined": "2024-03-02T19:37:26.332Z",
      "receive_email": false,
      "development_help": false,
      "acount": false,
      "groups": [],
      "user_permissions": []
    }
  },
  {
    "model": "landingpage.additionalinformation",
    "pk": 1,
    "fields": {
      "additional_information_text": "Poltica de privacidade",
      "additional_information_href": "politica-privacidade"
    }
  },
  {
    "model": "landingpage.additionalinformation",
    "pk": 2,
    "fields": {
      "additional_information_text": "Crditos",
      "additional_information_href": "creditos"
    }
  },
  {
    "model": "landingpage.additionalinformation",
    "pk": 3,
    "fields": {
      "additional_information_text": "Termos de uso",
      "additional_information_href": "termos-uso"
    }
  },
  {
    "model": "landingpage.websitepages",
    "pk": 1,
    "fields": {
      "text_pages": "Login",
      "pages_href": "login"
    }
  },
  {
    "model": "landingpage.websitepages",
    "pk": 2,
    "fields": {
      "text_pages": "Aceder Beta",
      "pages_href": "aceder-beta"
    }
  },
  {
    "model": "landingpage.websitepages",
    "pk": 3,
    "fields": {
      "text_pages": "Homepage",
      "pages_href": null
    }
  },
  {
    "model": "landingpage.footercontact",
    "pk": 1,
    "fields": {
      "information_image": 6,
      "information": "geral@obrascompinta.pt",
      "information_url": "mailto:geral@obrascompinta.pt"
    }
  },
  {
    "model": "landingpage.footercontact",
    "pk": 2,
    "fields": {
      "information_image": 7,
      "information": "+351 965 109 144",
      "information_url": "https://wa.me/+351965109144"
    }
  },
  {
    "model": "landingpage.footertitles",
    "pk": 1,
    "fields": {
      "footer_navigation_title": "Links teis",
      "footer_contact_title": "Contacte-nos",
      "copyright": " 2023 AsyQuote - Todos os direitos Reservados"
    }
  },
  {
    "model": "landingpage.reviewhome",
    "pk": 1,
    "fields": {
      "sort_order": 0,
      "page": 3,
      "review_card": null,
      "title_card": "O AsyQuote mudou a minha vida",
      "paragraph_card": "Estou impressionado com a eficincia desta ferramenta. Desde que comecei a us-la, a minha empresa viu um aumento notvel na produtividade e na preciso dos nossos oramentos. A plataforma  incrivelmente intuitiva e economizou horas de trabalho manual. Alm disso, o suporte ao cliente  excepcional. Definitivamente, uma escolha inteligente para qualquer empresa de construo!",
      "letters_circle_card": "GS",
      "name_of_the_person_card": "Gonalo S.",
      "function_of_the_person_card": "Estagirio"
    }
  },
  {
    "model": "landingpage.reviewhome",
    "pk": 2,
    "fields": {
      "sort_order": 1,
      "page": 3,
      "review_card": null,
      "title_card": "Uma Revoluo na Oramentao",
      "paragraph_card": "O AsyQuote provou ser uma verdadeira revoluo para o nosso processo de oramentao. Desde a implementao, a nossa eficincia disparou, proporcionando uma melhoria significativa na preciso e rapidez na criao de oramentos. A interface intuitiva facilitou a transio, e o suporte ao cliente atencioso solidificou nossa confiana na ferramenta. Recomendo a todas as empresas que buscam aprimorar sua abordagem oramental.",
      "letters_circle_card": "SO",
      "name_of_the_person_card": "Sofia O.",
      "function_of_the_person_card": "Diretora Financeira"
    }
  },
  {
    "model": "landingpage.reviewhome",
    "pk": 3,
    "fields": {
      "sort_order": 2,
      "page": 3,
      "review_card": null,
      "title_card": "Eficincia Elevada com AsyQuote",
      "paragraph_card": "Testar o AsyQuote foi uma jogada estratgica para a nossa empresa. A eficincia que ganhamos desde ento  notvel. Os processos de oramentao tornaram-se mais geis, economizando tempo valioso. A plataforma  amigvel, e o suporte ao cliente, exemplar. Como gestor, essa ferramenta se tornou um aliado indispensvel no dia a dia.",
      "letters_circle_card": "PS",
      "name_of_the_person_card": "Pedro S.",
      "function_of_the_person_card": "Gerente de Projetos"
    }
  },
  {
    "model": "landingpage.reviewhome",
    "pk": 4,
    "fields": {
      "sort_order": 3,
      "page": 3,
      "review_card": null,
      "title_card": "A Chave da Nossa Competitividade",
      "paragraph_card": "Adotar o AsyQuote foi a chave para mantermos a competitividade no mercado. A facilidade na criao de oramentos e a agilidade proporcionada so inestimveis. A equipe por trs da plataforma  extremamente dedicada, oferecendo um suporte que vai alm das expectativas. Uma ferramenta indispensvel para qualquer empresa que busca se destacar.",
      "letters_circle_card": "MC",
      "name_of_the_person_card": "Marta C.",
      "function_of_the_person_card": "CEO"
    }
  },
  {
    "model": "landingpage.reviewhome",
    "pk": 5,
    "fields": {
      "sort_order": 4,
      "page": 3,
      "review_card": null,
      "title_card": "Transformao Digital com AsyQuote",
      "paragraph_card": "A transformao digital  essencial nos dias de hoje, e o AsyQuote foi o catalisador para a nossa empresa. Desde que implementamos essa ferramenta, notamos uma mudana significativa na eficincia operacional. A simplicidade na criao de oramentos e o suporte tcnico impecvel fizeram dessa transio uma experincia suave e bem-sucedida.",
      "letters_circle_card": "DM",
      "name_of_the_person_card": "Diogo M.",
      "function_of_the_person_card": "Analista de Sistemas"
    }
  },
  {
    "model": "landingpage.reviewhome",
    "pk": 6,
    "fields": {
      "sort_order": 5,
      "page": 3,
      "review_card": null,
      "title_card": "AsyQuote: Superando Expectativas",
      "paragraph_card": "O AsyQuote superou todas as nossas expectativas. A facilidade de uso  surpreendente, e a rapidez na criao de oramentos proporcionou uma vantagem competitiva. O suporte ao cliente  gil e eficaz, demonstrando um comprometimento notvel.",
      "letters_circle_card": "IS",
      "name_of_the_person_card": "Ins S.",
      "function_of_the_person_card": "Coordenadora de Vendas"
    }
  },
  {
    "model": "landingpage.reviewhome",
    "pk": 7,
    "fields": {
      "sort_order": 6,
      "page": 3,
      "review_card": null,
      "title_card": "Eficincia e Inovao com AsyQuote",
      "paragraph_card": "Experimentar o AsyQuote foi um divisor de guas para a nossa empresa. A eficincia operacional aumentou substancialmente, e a inovao na abordagem oramental  evidente. A interface amigvel tornou a transio suave, e o suporte ao cliente dedicado reforou nossa confiana na ferramenta. Recomendo sem reservas.",
      "letters_circle_card": "MP",
      "name_of_the_person_card": "Miguel P.",
      "function_of_the_person_card": "Analista Financeiro"
    }
  },
  {
    "model": "landingpage.faqs",
    "pk": 1,
    "fields": {
      "sort_order": 0,
      "page": 3,
      "question": "Como posso criar um oramento?",
      "answer": "Pode criar um oramento atravs do nosso criador de oramentos. Neste, poder definir o produto, quantidades,margens de lucro  e at descontos no produto.",
      "text_href": null,
      "href_url": null
    }
  },
  {
    "model": "landingpage.faqs",
    "pk": 2,
    "fields": {
      "sort_order": 1,
      "page": 3,
      "question": "Como posso participar na fase beta",
      "answer": "Para participar na fase beta, tem que se inscrever no processo de seleo.  Embora as vagas sejam limitadas, encorajamos todos a se candidatarem, pois valorizamos a contribuio de todos.",
      "text_href": "Entre j na fase Beta",
      "href_url": "aceder-beta"
    }
  },
  {
    "model": "landingpage.faqs",
    "pk": 3,
    "fields": {
      "sort_order": 2,
      "page": 3,
      "question": "Qual  preo da ferramenta?",
      "answer": "Como o AsyQuote encontra-se ainda em fase beta, decidimos que a melhor maneira de atrair mais usurios e melhorar a ferramenta,   deixar a ferramenta grtis para todos.",
      "text_href": null,
      "href_url": null
    }
  },
  {
    "model": "landingpage.faqs",
    "pk": 4,
    "fields": {
      "sort_order": 3,
      "page": 3,
      "question": "O oramento  costumizvel?",
      "answer": "Sim o oramento  costumizvel, pode mudar o logo, os preos, as margens. Alm disso, no final tem uma seco de notas aonde pode escrever o que quiser.",
      "text_href": null,
      "href_url": null
    }
  },
  {
    "model": "landingpage.homepage",
    "pk": 3,
    "fields": {
      "hero_image": 1,
      "hero_title": "Agilize os seus oramentos",
      "hero_paragraph": "<p data-block-key=\"bhw4y\">Descubra como podemos otimizar o processo de oramentao para o seu negcio de construo.</p>",
      "uses_title": "10+ empresas usam o AsyQuote",
      "uses_image": "[{\"id\": \"bd08e5e5-df2a-42c0-871f-37427bb254b2\", \"type\": \"image\", \"value\": {\"url_uses\": \"https://obrascompinta.pt\", \"image_uses\": 2}}, {\"id\": \"fe976376-c424-4fe9-ba8a-6793154a61af\", \"type\": \"image\", \"value\": {\"url_uses\": \"https://obrascompinta.pt\", \"image_uses\": 2}}, {\"id\": \"d2497451-34bb-42b1-a9fe-32c46b4368d9\", \"type\": \"image\", \"value\": {\"url_uses\": \"https://obrascompinta.pt\", \"image_uses\": 2}}, {\"id\": \"8ae3a69e-49ee-4966-801b-dc9fbadbeb9f\", \"type\": \"image\", \"value\": {\"url_uses\": \"https://obrascompinta.pt\", \"image_uses\": 2}}, {\"id\": \"e986e652-f3d0-4a43-a25e-3f8907f519fd\", \"type\": \"image\", \"value\": {\"url_uses\": \"https://obrascompinta.pt\", \"image_uses\": 2}}, {\"id\": \"9bb83e2c-bb3d-4d93-9886-5adc8a3b7595\", \"type\": \"image\", \"value\": {\"url_uses\": \"https://obrascompinta.pt\", \"image_uses\": 2}}, {\"id\": \"2a8dec47-8044-456c-b72f-7d58a6cd80ee\", \"type\": \"image\", \"value\": {\"url_uses\": \"https://obrascompinta.pt\", \"image_uses\": 2}}]",
      "about_title_1": "Aumente a sua produtividade",
      "about_paragraph_1": "O AsyQuote  pode produzir mais oramentos em menos tempo, permitindo que a sua empresa se concentre em projetos reais em vez de tarefas administrativas. Maximize a produtividade e veja o seu negcio crescer.",
      "about_image_1": 3,
      "about_title_2": "Preciso e consistncia",
      "about_paragraph_2": "Garanta a preciso e consistncia em todos os seus oramentos. O Asyquote elimina erros humanos e padroniza o processo de oramentao, garantindo que cada oramento atenda aos mais altos padres de qualidade.",
      "about_image_2": 4,
      "about_title_3": "Acesso rpido a dados cruciais",
      "about_paragraph_3": "Tenha acesso instantneo a dados  de custos, materiais e mo de obra. Com o AsyQuote, voc pode tomar decises informadas em tempo real, adaptando-se s mudanas do mercado.",
      "about_image_3": 5,
      "review_title": "Descubra o porqu dos nossos clientes gostarem de ns",
      "faqs_title": "Perguntas frequentes",
      "action_title": "Comee a usar o AsyQuote hoje",
      "action_benefit": " grtis"
    }
  },
  {
    "model": "products.supplier",
    "pk": 1,
    "fields": {
      "name_supplier": "Leroy Merlin"
    }
  },
  {
    "model": "products.supplier",
    "pk": 2,
    "fields": {
      "name_supplier": "Casa Peixoto"
    }
  },
  {
    "model": "products.category",
    "pk": 1,
    "fields": {
      "name_category": "Aquecimento e Climatizao"
    }
  },
  {
    "model": "products.category",
    "pk": 2,
    "fields": {
      "name_category": "Pintura"
    }
  },
  {
    "model": "products.productspage",
    "pk": 4,
    "fields": {}
  },
  {
    "model": "clients.client",
    "pk": 49,
    "fields": {
      "user": 1,
      "name": "Gonalo Sousa",
      "email": "goncaloalves0530@gmail.com",
      "phone": "965109144",
      "nif": "123567890",
      "value": "0.00"
    }
  },
  {
    "model": "clients.client",
    "pk": 52,
    "fields": {
      "user": 1,
      "name": "mario",
      "email": "marioferreira0409@gmail.com",
      "phone": "987678567",
      "nif": "123678456",
      "value": "0.00"
    }
  },
  {
    "model": "clients.client",
    "pk": 53,
    "fields": {
      "user": 1,
      "name": "Gonalo Sous",
      "email": "goncaloalves0530@gmail.com",
      "phone": "965109144",
      "nif": "684545782",
      "value": "0.00"
    }
  },
  {
    "model": "clients.client",
    "pk": 54,
    "fields": {
      "user": 3,
      "name": "Gonalo Sousa",
      "email": "goncaloalves0530@gmail.com",
      "phone": "965109144",
      "nif": "123456789",
      "value": "0.00"
    }
  }
]
